OrderID,CustomerID,ProductID,OrderDate,Quantity,UnitPrice,StoreCode
1,873.0,358,2025-07-12,8,770.96,STORE030
2,694.0,534,2025-06-04,10,1203.51,STORE007
3,524.0,679,2025-01-04,6,1693.14,STORE039
4,290.0,306,2025-11-08,2,1455.58,STORE022
5,656.0,333,2025-05-22,5,798.22,STORE046
6,306.0,193,2025-11-30,3,1561.53,STORE016
7,825.0,878,2025-01-30,10,1224.21,STORE021
8,144.0,739,2025-12-15,1,1973.09,STORE019
9,929.0,429,2025-05-13,7,1177.06,STORE003
10,726.0,586,2025-10-26,4,1042.64,STORE046
11,,548,2025-04-24,8,2721.45,STORE043
12,520.0,308,2025-07-03,3,2525.1,STORE036
100,301.0,100,2025-04-03,8,401.27,STORE017
14,782.0,935,2025-10-14,3,2841.83,STORE022
15,92.0,228,2025-12-02,6,685.52,STORE020
16,808.0,909,2025-08-04,6,1127.61,STORE038
17,475.0,872,2025-05-31,2,1422.2,STORE041
18,595.0,967,2025-10-26,10,232.22,STORE013
19,123.0,889,2025-09-14,7,1598.92,STORE027
20,892.0,875,2025-01-28,3,429.35,STORE013
21,420.0,584,2025-06-25,8,446.81,STORE046
22,798.0,83,2025-04-03,8,1011.24,STORE012
23,650.0,60,2025-06-10,1,1367.12,STORE014
24,591.0,783,2025-03-28,3,1478.94,STORE049
25,133.0,630,2025-02-15,7,1907.79,STORE026
26,989.0,489,2025-08-08,7,33.91,STORE035
27,749.0,383,2025-04-13,1,-200.0,STORE049
28,196.0,19,2025-09-29,1,1887.53,STORE016
29,711.0,899,2025-04-26,6,950.03,STORE007
30,516.0,603,2025-07-16,5,517.72,STORE003
31,972.0,298,2025-06-02,8,2188.94,STORE039
32,346.0,445,2025-09-26,3,1041.34,STORE032
33,769.0,193,2025-07-03,3,2845.29,STORE026
34,234.0,230,2025-01-10,3,649.35,STORE002
35,517.0,174,2025-10-29,2,1112.44,STORE042
36,385.0,898,2025-01-20,5,2318.32,STORE040
37,609.0,50,2025-01-25,2,1967.63,STORE002
38,707.0,119,2025-01-25,7,1344.06,STORE008
39,259.0,486,2025-10-08,3,632.37,STORE044
40,10.0,309,2025-11-19,7,1991.76,STORE043
41,277.0,638,2025-09-24,10,2108.16,STORE027
42,524.0,737,2025-02-23,10,370.85,STORE008
43,510.0,204,2025-02-24,10,615.25,STORE017
44,997.0,207,2025-09-25,6,2116.24,STORE019
45,41.0,562,2025-03-24,8,2732.86,STORE045
46,339.0,241,2025-09-04,1,57.99,STORE006
47,856.0,588,2025-02-26,8,464.45,STORE006
48,77.0,741,2025-09-19,2,2716.24,STORE042
49,468.0,304,2025-04-29,5,1403.55,STORE007
50,896.0,41,2025-03-31,5,1093.44,STORE044
51,437.0,757,2025-06-10,2,303.1,STORE049
52,10.0,873,2025-01-24,3,1996.8,STORE011
53,367.0,916,2025-06-18,8,2866.17,STORE018
54,382.0,835,2025-02-17,6,564.95,STORE026
55,986.0,468,2025-07-24,5,2510.41,STORE045
56,820.0,432,2025-09-02,3,356.91,STORE045
57,966.0,865,2025-01-31,3,329.07,STORE038
58,822.0,583,2025-09-05,8,560.16,STORE025
59,627.0,30,2025-07-03,3,1459.58,STORE032
60,909.0,422,2025-02-27,8,157.0,STORE017
61,322.0,13,2025-12-02,9,2307.24,STORE037
62,230.0,979,2025-10-17,6,1566.92,STORE045
63,634.0,98,2025-12-25,7,1991.91,STORE016
64,355.0,680,2025-09-04,7,462.99,STORE036
65,56.0,12,2025-11-10,3,1526.59,STORE031
66,891.0,170,2025-09-11,2,2259.26,STORE021
67,339.0,994,2025-05-04,5,170.05,STORE015
68,659.0,388,2025-10-09,7,2454.97,STORE006
69,455.0,821,2025-08-24,10,1355.33,STORE032
100,324.0,122,2025-08-17,8,2240.81,STORE002
71,414.0,423,2025-02-22,1,1680.25,STORE001
72,811.0,619,2025-02-16,10,1919.86,STORE033
73,212.0,671,2025-10-15,8,2852.06,STORE024
74,837.0,229,2025-01-28,8,1009.28,STORE050
75,615.0,485,2025-11-14,6,2153.42,STORE008
76,778.0,675,2025-02-19,4,26.55,STORE023
77,988.0,820,2025-11-21,5,1652.12,STORE024
78,109.0,47,2025-12-26,3,1487.42,STORE046
79,110.0,261,2025-07-29,10,603.85,STORE008
80,221.0,469,2025-07-21,4,2156.03,STORE007
81,48.0,949,2025-08-01,10,387.19,STORE029
82,675.0,604,2025-08-23,9,421.22,STORE032
83,544.0,754,2025-01-03,1,1668.61,STORE028
84,495.0,947,2025-10-27,9,2347.62,STORE012
85,593.0,178,2025-12-21,3,328.59,STORE043
86,621.0,904,2025-11-04,6,1522.25,STORE025
87,624.0,938,2025-08-03,4,835.32,STORE022
88,464.0,825,2025-05-31,3,431.78,STORE039
89,908.0,767,2025-12-25,9,910.76,STORE045
90,882.0,322,2025-10-08,9,1905.1,STORE013
91,640.0,732,2025-04-18,5,2066.1,STORE044
92,728.0,666,2025-03-09,3,1521.6,STORE045
93,331.0,728,2025-11-23,2,2287.11,STORE036
94,597.0,585,2025-09-03,7,2029.25,STORE035
95,899.0,868,2025-05-27,7,2428.75,STORE034
96,26.0,391,2025-02-24,3,178.13,STORE004
97,274.0,769,2025-04-13,3,2950.93,STORE044
98,150.0,860,2025-05-09,1,2077.97,STORE019
99,772.0,555,2025-04-15,1,1088.87,STORE029
100,631.0,889,2025-02-22,9,2597.23,STORE048
101,575.0,399,2025-11-28,4,1542.55,STORE045
102,710.0,681,2025-05-28,1,2780.92,STORE025
103,980.0,808,2025-08-02,6,2898.18,STORE004
104,762.0,258,2025-01-07,-5,1869.27,STORE050
105,850.0,231,2025-08-15,6,2270.22,STORE035
106,202.0,795,2025-15-50,4,896.65,STORE012
107,77.0,192,2025-12-16,3,2210.54,STORE008
108,42.0,439,2025-07-13,5,1678.66,STORE009
109,599.0,867,2025-03-24,5,36.82,STORE030
110,960.0,159,2025-12-30,1,478.04,STORE021
111,53.0,793,2025-15-50,10,2532.56,STORE020
112,809.0,587,2025-09-09,9,1087.1,STORE046
113,539.0,226,2025-06-12,3,1571.41,STORE033
114,426.0,557,2025-03-23,9,1222.18,STORE023
115,905.0,219,2025-04-24,6,1006.58,STORE019
116,974.0,771,2025-04-22,10,1600.89,STORE036
117,10.0,118,2025-11-29,6,1348.09,STORE042
118,941.0,637,2025-11-11,4,2877.51,STORE044
119,391.0,938,2025-06-14,2,1169.91,STORE035
120,26.0,934,2025-05-25,9,2469.89,STORE024
121,823.0,521,2025-09-21,8,1470.68,STORE019
122,198.0,329,2025-11-30,9,265.39,STORE007
123,995.0,980,2025-03-27,9,1608.95,STORE041
124,216.0,687,2025-02-03,4,2597.55,STORE028
125,211.0,551,2025-02-23,7,1946.75,STORE005
126,158.0,25,2025-12-18,8,2156.27,STORE003
127,76.0,56,2025-02-14,3,2386.76,STORE036
128,589.0,842,2025-02-06,4,2734.74,STORE027
129,462.0,646,2025-07-18,7,1310.41,STORE002
130,690.0,122,2025-07-19,9,,STORE047
131,65.0,775,2025-11-13,10,155.64,STORE005
132,951.0,515,2025-07-03,2,883.71,STORE044
133,622.0,89,2025-06-04,5,2300.52,STORE029
134,405.0,842,2025-07-15,1,1432.48,STORE035
135,140.0,765,2025-04-23,7,2394.38,STORE035
136,984.0,650,2025-06-01,3,908.21,STORE047
137,383.0,981,2025-11-28,1,1669.5,STORE036
138,127.0,43,2025-03-14,1,1726.7,STORE026
139,561.0,970,2025-10-03,2,927.98,STORE048
140,217.0,423,2025-06-26,9,444.52,STORE012
141,632.0,855,2025-04-24,5,599.09,STORE012
142,819.0,581,2025-12-10,1,2557.14,STORE036
143,661.0,563,2025-08-25,2,886.14,STORE005
144,101.0,203,2025-05-09,10,1471.83,STORE022
145,132.0,688,2025-07-02,4,318.13,STORE040
146,922.0,199,2025-02-05,6,1467.87,STORE022
147,676.0,314,2025-11-12,10,474.14,STORE037
148,828.0,324,2025-07-06,7,522.55,STORE021
149,805.0,227,2025-05-07,7,844.51,STORE024
150,696.0,751,2025-03-10,6,2636.1,STORE030
151,368.0,794,2025-08-17,5,1471.17,STORE007
152,662.0,622,2025-03-31,2,2528.54,STORE009
153,202.0,270,2025-10-03,2,2187.73,STORE002
154,647.0,32,2025-09-17,10,1745.12,STORE050
155,218.0,929,2025-10-30,1,1663.75,STORE035
156,484.0,670,2025-10-04,3,1110.14,STORE015
157,751.0,878,2025-10-29,5,418.97,STORE033
158,93.0,407,2025-09-19,6,1516.46,STORE043
159,869.0,988,2025-05-03,10,2058.8,STORE049
160,144.0,457,2025-09-21,3,553.85,STORE037
161,894.0,991,2025-12-04,3,2213.04,STORE031
162,42.0,225,2025-07-03,8,710.61,STORE017
163,240.0,44,2025-07-09,4,1563.3,STORE024
164,481.0,940,2025-07-18,8,2647.02,STORE003
165,332.0,106,2025-11-29,9,1908.03,STORE018
166,593.0,558,2025-05-15,10,538.07,STORE042
167,375.0,602,2025-07-13,2,1559.66,STORE025
168,529.0,416,2025-04-25,6,2455.37,STORE023
169,812.0,494,2025-09-07,10,39.66,STORE009
170,170.0,236,2025-08-14,2,1553.33,STORE018
171,154.0,192,2025-04-19,3,1099.42,STORE046
172,677.0,236,2025-03-02,7,2437.29,STORE047
173,494.0,692,2025-02-28,8,1447.48,STORE038
174,663.0,854,2025-03-24,7,86.89,STORE003
175,588.0,607,2025-03-07,3,421.48,STORE033
176,913.0,587,2025-01-21,3,186.62,STORE017
177,530.0,982,2025-04-03,7,1806.09,STORE037
178,20.0,900,2025-11-23,5,2842.82,STORE014
179,622.0,483,2025-08-18,8,528.29,STORE027
180,147.0,814,2025-11-04,10,2464.95,STORE012
181,676.0,524,2025-11-16,5,519.81,STORE044
182,945.0,465,2025-06-25,10,1779.98,STORE015
183,395.0,136,2025-07-13,2,69.36,STORE034
184,701.0,430,2025-09-16,3,1824.42,STORE012
185,924.0,630,2025-09-01,10,136.33,STORE035
186,771.0,121,2025-09-15,2,1457.08,STORE009
187,553.0,848,2025-11-05,1,2692.97,STORE050
188,665.0,442,2025-12-14,9,1273.64,STORE003
189,543.0,440,2025-12-24,4,2816.5,STORE031
190,359.0,604,2025-07-15,10,311.2,STORE009
191,489.0,785,2025-05-11,4,2732.05,STORE006
192,613.0,898,2025-05-26,9,1237.77,STORE013
193,727.0,762,2025-01-03,1,1742.4,STORE008
194,8.0,385,2025-09-24,4,2069.54,STORE021
195,371.0,110,2025-07-29,3,1289.69,STORE038
196,268.0,876,2025-05-10,9,1282.21,STORE024
197,283.0,697,2025-11-10,7,2269.82,STORE027
198,803.0,571,2025-15-50,8,552.58,STORE036
199,496.0,260,2025-10-12,5,1741.4,
200,408.0,754,2025-12-28,3,2567.9,STORE043
201,766.0,236,2025-03-02,8,2353.67,STORE011
202,220.0,521,2025-02-21,7,2362.52,STORE036
203,714.0,701,2025-11-11,1,499.0,STORE041
204,824.0,94,2025-01-03,3,1425.57,STORE039
205,91.0,66,2025-08-11,5,680.88,STORE006
206,39.0,742,2025-11-08,7,2793.44,STORE026
207,672.0,534,2025-11-11,5,2140.59,STORE039
208,969.0,793,2025-01-30,3,1928.07,STORE029
209,207.0,871,2025-01-06,9,872.3,STORE003
210,523.0,529,2025-11-03,4,1853.27,STORE044
211,369.0,245,2025-01-19,1,2927.42,STORE006
212,799.0,410,2025-05-22,6,2015.59,STORE026
213,206.0,531,2025-10-28,1,2216.04,STORE005
214,563.0,292,2025-02-16,9,2746.73,STORE023
215,987.0,836,2025-06-27,5,694.36,STORE013
216,953.0,414,2025-08-21,10,33.86,STORE012
217,519.0,110,2025-07-28,9,235.71,STORE019
218,970.0,120,2025-06-24,9,2870.99,STORE035
219,257.0,711,2025-10-22,8,2898.85,STORE037
220,789.0,250,2025-09-05,6,2884.49,STORE030
221,472.0,919,2025-12-15,10,2588.83,STORE031
222,265.0,70,2025-03-01,7,1908.31,STORE015
223,719.0,236,2025-12-13,6,1249.03,STORE023
224,549.0,10,2025-09-22,5,759.81,STORE006
225,690.0,767,2025-07-24,6,246.57,STORE012
226,322.0,363,2025-09-01,4,2685.06,STORE018
227,970.0,765,2025-04-04,4,1507.02,STORE013
228,754.0,248,2025-05-01,5,636.2,STORE013
229,857.0,634,2025-05-08,6,484.87,STORE007
230,943.0,81,2025-03-03,8,1849.2,STORE049
231,981.0,44,2025-10-05,8,1126.17,STORE021
232,920.0,903,2025-09-10,10,2608.93,STORE032
233,783.0,938,2025-04-04,9,855.19,STORE015
234,132.0,56,2025-10-23,9,2401.82,STORE031
235,34.0,515,2025-10-04,6,1193.28,STORE044
236,469.0,1000,2025-03-31,2,2100.77,STORE030
237,706.0,9,2025-06-11,1,2028.83,STORE025
238,104.0,334,2025-10-25,6,1846.08,STORE017
239,562.0,270,2025-04-06,4,822.84,STORE040
240,375.0,189,2025-06-25,8,1283.35,STORE027
241,771.0,382,2025-12-25,6,2565.89,STORE018
242,185.0,586,2025-08-19,3,2938.23,STORE044
243,834.0,103,2025-04-28,5,2416.18,STORE036
244,877.0,391,2025-08-10,4,454.61,STORE048
245,485.0,826,2025-03-18,1,546.29,STORE032
246,915.0,870,2025-03-10,9,1611.27,STORE021
247,308.0,257,2025-09-07,9,2578.34,STORE004
248,102.0,708,2025-07-23,3,198.91,STORE017
249,860.0,645,2025-09-01,2,1360.57,STORE022
250,370.0,369,2025-05-14,9,1681.32,STORE017
251,21.0,422,2025-06-26,2,1066.25,STORE044
252,204.0,591,2025-11-07,10,1956.6,STORE035
253,800.0,292,2025-03-31,6,988.77,STORE033
254,794.0,755,2025-09-07,8,2671.1,STORE025
255,294.0,475,2025-11-11,3,2607.41,STORE041
256,432.0,647,2025-06-22,10,1723.48,STORE005
257,166.0,352,2025-02-10,4,954.18,STORE042
258,728.0,274,2025-05-30,10,1941.04,STORE018
259,800.0,884,2025-08-16,6,2248.73,STORE034
260,424.0,172,2025-08-19,3,2565.55,STORE009
261,678.0,258,2025-05-01,2,647.5,STORE026
262,98.0,66,2025-02-22,8,1654.33,STORE002
263,537.0,784,2025-07-23,2,,STORE040
264,87.0,671,2025-03-21,7,941.92,STORE016
265,454.0,642,2025-05-26,3,411.21,STORE011
266,36.0,680,2025-01-15,6,2583.9,STORE021
267,479.0,999,2025-09-01,9,2805.88,STORE036
268,139.0,993,2025-08-16,9,547.57,STORE039
269,647.0,767,2025-08-22,10,1316.23,STORE041
270,547.0,318,2025-11-24,6,1455.32,STORE015
271,453.0,316,2025-02-15,6,1248.37,STORE010
272,11.0,1,2025-06-05,9,2449.83,STORE009
273,294.0,481,2025-06-26,9,44.78,STORE032
274,307.0,10,2025-09-02,7,2397.94,STORE039
275,816.0,8,2025-04-29,9,1133.46,STORE027
276,448.0,405,2025-10-15,4,506.54,STORE048
277,400.0,849,2025-11-27,7,677.37,STORE006
278,641.0,246,2025-08-05,9,2298.32,STORE040
279,702.0,279,2025-12-22,5,1952.4,STORE035
280,423.0,193,2025-05-18,2,563.57,STORE019
281,653.0,467,2025-02-26,10,1369.25,STORE045
282,504.0,193,2025-11-15,6,77.8,STORE004
283,23.0,191,2025-10-01,2,860.7,STORE009
284,745.0,9,2025-08-13,4,288.79,STORE001
285,223.0,351,2025-09-10,7,948.5,STORE032
286,475.0,714,2025-07-10,1,1004.14,STORE049
287,58.0,273,2025-03-16,7,232.73,STORE031
288,197.0,918,2025-04-03,5,2455.41,STORE001
289,998.0,787,2025-03-04,4,1166.7,STORE029
290,756.0,35,2025-05-07,4,1393.29,STORE050
291,534.0,682,2025-02-18,4,1429.02,STORE044
292,959.0,331,2025-06-09,3,1894.91,STORE003
293,534.0,126,2025-10-09,5,1454.06,STORE020
294,370.0,909,2025-04-12,1,2593.7,STORE014
295,242.0,649,2025-02-27,7,987.05,STORE011
296,599.0,123,2025-05-22,7,2371.65,STORE001
297,596.0,803,2025-01-22,8,2071.45,STORE010
298,790.0,92,2025-07-10,4,489.94,STORE006
299,634.0,347,2025-12-18,1,198.13,STORE042
300,719.0,550,2025-03-20,2,394.97,STORE015
301,572.0,808,2025-06-12,6,2420.47,STORE029
302,22.0,706,2025-04-09,7,1087.34,STORE009
303,921.0,41,2025-05-09,8,2125.75,STORE036
304,556.0,714,2025-05-31,8,585.53,STORE012
305,357.0,332,2025-10-06,8,840.47,STORE039
306,165.0,71,2025-10-11,9,481.98,STORE019
307,555.0,376,2025-05-15,8,22.15,STORE041
308,389.0,752,2025-09-17,3,2651.14,STORE040
309,795.0,636,2025-07-06,4,975.67,STORE005
310,991.0,552,2025-12-04,7,585.81,STORE044
311,785.0,565,2025-09-12,3,1846.86,STORE021
312,657.0,330,2025-07-29,2,306.84,STORE043
313,45.0,856,2025-02-04,3,552.34,STORE003
314,110.0,498,2025-04-14,4,314.29,STORE037
315,857.0,398,2025-11-25,8,1586.95,STORE045
316,263.0,51,2025-10-30,6,677.75,STORE046
317,14.0,953,2025-02-06,4,1974.13,STORE006
318,821.0,655,2025-08-28,1,1095.56,STORE048
319,842.0,378,2025-08-01,1,2474.46,STORE018
320,42.0,752,2025-09-28,2,2506.68,STORE005
321,984.0,532,2025-04-21,2,321.65,STORE015
322,395.0,195,2025-09-30,4,1588.05,STORE016
323,641.0,971,2025-10-19,3,1684.1,STORE036
324,765.0,109,2025-08-01,10,1086.73,STORE030
325,682.0,438,2025-12-26,2,517.09,STORE012
326,412.0,517,2025-10-09,6,1979.45,STORE035
327,454.0,956,2025-11-04,6,2709.41,STORE036
328,866.0,381,2025-06-16,7,2297.27,STORE028
329,624.0,247,2025-06-15,10,1645.97,STORE025
330,949.0,763,2025-10-09,5,1092.83,STORE029
331,983.0,407,2025-08-18,1,2184.41,STORE019
332,17.0,531,2025-11-02,3,2980.37,STORE020
333,308.0,228,2025-01-04,4,2570.05,STORE002
334,843.0,283,2025-12-20,9,1543.59,STORE037
335,159.0,97,2025-10-20,1,1391.9,STORE010
336,272.0,376,2025-03-12,10,764.57,STORE017
337,95.0,585,2025-15-50,7,1715.81,STORE014
338,741.0,333,2025-02-09,8,535.25,STORE045
339,591.0,840,2025-12-26,2,1793.79,STORE020
340,749.0,828,2025-01-20,10,1157.01,STORE050
341,944.0,790,2025-01-29,6,1056.83,STORE028
342,953.0,889,2025-08-02,2,2611.96,STORE015
343,870.0,617,2025-12-01,1,1908.98,STORE041
344,56.0,313,2025-07-15,9,142.72,STORE035
345,154.0,335,2025-10-17,9,2099.35,STORE010
346,690.0,750,2025-01-26,7,2913.7,STORE049
347,590.0,517,2025-11-01,2,681.82,STORE019
348,152.0,136,2025-07-21,-5,265.98,STORE037
349,562.0,409,2025-01-26,5,273.54,STORE033
350,793.0,715,2025-08-11,3,2290.86,STORE031
351,203.0,500,2025-10-14,7,1963.7,STORE013
352,631.0,754,2025-10-15,9,753.81,STORE005
353,796.0,441,2025-05-17,6,2060.52,STORE037
354,116.0,688,2025-02-15,7,1282.15,STORE023
355,329.0,353,2025-04-08,10,1973.12,STORE050
356,174.0,359,2025-06-06,10,2468.32,STORE029
357,150.0,452,2025-11-16,1,2774.16,STORE015
358,702.0,383,2025-04-13,3,2278.05,STORE006
359,758.0,56,2025-02-27,4,2847.84,STORE010
360,15.0,352,2025-05-28,2,929.25,STORE031
361,340.0,215,2025-01-12,9,651.39,STORE035
362,769.0,265,2025-09-25,9,1459.42,STORE047
363,712.0,716,2025-03-14,1,1142.29,STORE043
364,45.0,262,2025-09-27,3,,STORE013
365,633.0,278,2025-12-23,1,1405.58,STORE001
366,398.0,677,2025-02-04,5,1995.69,STORE043
367,886.0,111,2025-07-04,1,891.64,STORE042
368,237.0,390,2025-07-17,9,2930.3,STORE007
369,497.0,888,2025-06-11,10,1604.05,STORE012
370,513.0,990,2025-04-12,8,1690.85,STORE046
371,41.0,254,2025-01-12,9,928.68,STORE032
372,763.0,161,2025-07-21,1,1053.4,STORE023
373,641.0,310,2025-07-01,4,2988.06,STORE033
374,832.0,64,2025-05-22,5,2638.46,STORE002
375,972.0,287,2025-10-12,4,472.09,STORE026
376,141.0,90,2025-12-03,7,1571.74,STORE044
377,894.0,641,2025-11-10,4,1263.65,STORE037
378,437.0,994,2025-03-20,5,2731.01,STORE022
379,556.0,135,2025-08-18,4,1964.37,STORE038
380,701.0,820,2025-10-05,4,2590.51,STORE020
381,723.0,921,2025-12-19,9,2730.5,STORE028
382,672.0,956,2025-03-16,10,2752.99,STORE021
383,571.0,546,2025-02-04,2,568.72,STORE010
384,784.0,327,2025-01-16,7,2884.36,STORE020
385,764.0,957,2025-08-15,5,472.83,STORE013
386,135.0,190,2025-02-24,1,2292.09,STORE040
387,274.0,621,2025-11-12,10,1844.84,STORE039
388,237.0,704,2025-04-29,1,1090.6,STORE045
389,138.0,515,2025-09-02,10,1416.92,STORE042
390,189.0,873,2025-07-11,7,1484.51,STORE009
391,198.0,232,2025-03-25,1,1237.6,STORE001
392,974.0,423,2025-05-19,4,2232.25,STORE013
393,68.0,182,2025-04-15,8,2604.04,STORE032
394,333.0,999999,2025-12-19,8,2665.01,STORE028
395,795.0,43,2025-07-27,10,2211.29,STORE025
396,404.0,627,2025-06-10,10,1789.54,STORE034
397,897.0,722,2025-11-25,1,1571.53,STORE029
398,847.0,899,2025-08-22,1,2635.78,STORE016
399,551.0,406,2025-09-23,1,1681.95,STORE034
400,986.0,51,2025-11-19,4,887.71,STORE026
401,793.0,848,2025-06-05,5,1394.81,STORE028
402,628.0,942,2025-05-31,1,2076.06,STORE010
403,850.0,662,2025-08-26,8,289.51,STORE033
404,185.0,798,2025-02-27,10,2814.77,STORE045
405,139.0,403,2025-10-07,7,983.91,STORE002
406,465.0,605,2025-04-02,4,2649.99,STORE006
407,332.0,709,2025-05-09,3,2160.76,STORE008
408,117.0,724,2025-02-16,8,1909.54,STORE006
409,725.0,394,2025-09-26,9,1843.98,STORE011
410,564.0,390,2025-07-13,1,2309.42,STORE022
411,893.0,676,2025-10-17,3,503.13,STORE010
412,788.0,730,2025-04-02,1,1270.35,STORE020
413,296.0,642,2025-08-17,3,370.31,STORE009
414,4.0,638,2025-04-14,5,56.38,STORE032
415,557.0,827,2025-09-13,1,1831.79,STORE032
416,223.0,603,2025-05-02,8,1372.14,STORE029
417,616.0,615,2025-02-10,1,749.25,STORE036
418,635.0,644,2025-05-23,9,2463.96,STORE014
419,190.0,152,2025-01-26,1,1966.77,STORE003
420,875.0,34,2025-03-16,10,2517.28,STORE020
421,943.0,90,2025-06-19,1,344.49,STORE012
422,689.0,292,2025-03-24,10,1989.56,STORE045
423,587.0,807,2025-11-01,9,548.71,STORE030
424,369.0,954,2025-10-24,1,297.52,STORE020
425,378.0,920,2025-06-15,7,2464.39,STORE049
426,864.0,564,2025-08-07,2,892.64,STORE009
427,712.0,881,2025-03-04,5,1001.04,STORE027
428,215.0,713,2025-09-26,4,1843.92,STORE007
429,748.0,645,2025-10-20,9,2961.82,STORE031
430,620.0,957,2025-12-19,5,1292.62,STORE021
431,539.0,589,2025-05-13,10,1074.48,STORE009
432,577.0,509,2025-11-11,9,2192.97,STORE032
433,828.0,185,2025-09-10,10,713.51,STORE019
434,2.0,122,2025-04-10,1,1405.36,STORE008
435,819.0,631,2025-04-17,7,1253.84,STORE022
436,574.0,826,2025-06-29,4,53.67,STORE013
437,289.0,261,2025-12-20,2,937.16,STORE033
438,332.0,786,2025-10-09,1,359.23,STORE022
439,406.0,999999,2025-06-24,10,1855.66,STORE002
440,199.0,339,2025-03-31,6,2768.39,STORE031
441,817.0,37,2025-08-31,3,1454.86,STORE041
442,914.0,886,2025-08-24,9,2689.87,STORE030
443,951.0,761,2025-07-31,1,2508.62,STORE020
444,743.0,695,2025-10-17,6,1674.43,STORE002
445,592.0,702,2025-04-17,6,2402.62,STORE023
446,993.0,153,2025-02-03,5,2525.4,STORE022
447,642.0,548,2025-07-12,3,1721.53,STORE025
448,610.0,120,2025-04-06,5,2121.69,STORE021
449,33.0,279,2025-12-30,7,278.66,STORE016
450,463.0,850,2025-07-10,5,664.1,STORE020
451,115.0,384,2025-03-31,1,2337.82,STORE006
452,519.0,26,2025-08-16,8,2716.77,STORE010
453,349.0,946,2025-04-08,8,2202.67,STORE034
454,795.0,336,2025-06-08,3,2313.05,STORE007
455,693.0,136,2025-09-22,4,2179.22,STORE030
456,731.0,886,2025-07-18,9,365.19,STORE020
457,704.0,869,2025-01-23,10,2618.19,STORE022
458,911.0,48,2025-08-28,2,1571.32,STORE043
459,24.0,592,2025-06-09,5,1923.78,STORE014
460,206.0,198,2025-06-14,5,844.42,STORE021
461,688.0,121,2025-08-14,5,464.98,STORE018
462,16.0,982,2025-02-28,10,1687.68,STORE007
463,556.0,359,2025-04-16,9,969.09,STORE010
464,824.0,291,2025-12-27,10,749.58,STORE005
465,,914,2025-06-09,6,1630.92,STORE004
466,30.0,483,2025-03-08,1,335.66,STORE004
467,437.0,402,2025-02-14,3,2119.94,STORE038
468,857.0,707,2025-11-19,8,1856.62,STORE020
469,838.0,203,2025-06-20,9,254.07,STORE049
470,582.0,135,2025-08-27,2,2442.3,STORE045
471,100.0,467,2025-08-28,5,2059.74,STORE046
472,482.0,238,2025-08-27,4,448.29,STORE040
473,935.0,373,2025-05-13,7,566.39,STORE043
474,808.0,882,2025-06-19,6,1370.78,STORE002
475,487.0,116,2025-02-03,6,1446.38,STORE011
476,787.0,999999,2025-05-25,10,1732.54,STORE033
477,416.0,838,2025-02-22,2,991.09,STORE042
478,812.0,310,2025-02-06,9,1393.71,STORE038
479,245.0,636,2025-07-31,4,1652.89,STORE031
480,68.0,349,2025-07-16,4,2445.47,STORE038
481,804.0,446,2025-08-09,10,2366.23,STORE035
482,242.0,178,2025-12-22,2,2223.31,STORE046
483,857.0,499,2025-10-21,2,1784.65,STORE030
484,569.0,100,2025-06-16,8,545.0,STORE026
485,613.0,112,2025-02-05,10,2318.6,STORE025
486,507.0,661,2025-06-17,1,289.79,STORE009
487,925.0,774,2025-10-25,1,2276.09,STORE043
488,464.0,545,2025-03-18,5,1182.15,STORE037
489,201.0,211,2025-08-17,6,913.21,STORE044
490,941.0,966,2025-06-05,7,2159.02,STORE023
491,597.0,9,2025-02-15,10,2959.54,STORE026
492,873.0,302,2025-03-07,1,1120.28,STORE036
493,1.0,721,2025-01-28,9,2465.84,STORE023
494,882.0,289,2025-02-26,1,721.02,STORE045
495,404.0,641,2025-10-30,6,2141.09,STORE026
496,446.0,559,2025-07-15,4,1994.21,STORE031
497,193.0,569,2025-03-13,7,2533.12,STORE024
498,158.0,296,2025-08-02,3,420.15,STORE005
499,17.0,148,2025-11-28,8,1980.62,STORE009
500,141.0,658,2025-02-13,7,2583.26,STORE045
501,953.0,436,2025-11-06,10,555.8,STORE033
502,566.0,840,2025-08-06,8,1166.45,STORE015
503,435.0,620,2025-04-06,1,1742.26,STORE047
504,730.0,514,2025-05-02,5,1244.3,STORE035
505,376.0,35,2025-10-23,1,1713.09,STORE046
506,116.0,595,2025-07-08,8,2885.98,STORE006
507,748.0,749,2025-03-14,9,2951.07,STORE049
508,477.0,530,2025-05-24,2,1579.6,STORE040
509,252.0,484,2025-02-15,2,2058.54,STORE035
510,320.0,628,2025-10-24,1,2712.68,STORE035
511,481.0,465,2025-01-06,9,2720.04,STORE037
512,432.0,362,2025-06-19,5,881.84,STORE003
513,946.0,612,2025-12-22,5,2186.38,STORE037
514,63.0,645,2025-05-14,8,1742.86,STORE037
515,673.0,299,2025-01-27,10,101.35,STORE032
516,130.0,518,2025-02-12,2,2557.31,STORE018
517,136.0,631,2025-05-10,5,840.15,STORE017
518,760.0,115,2025-01-08,10,540.35,STORE038
519,675.0,458,2025-03-19,6,2427.37,STORE017
520,242.0,497,2025-12-25,3,2402.13,STORE003
521,87.0,991,2025-06-25,3,1794.72,STORE010
522,771.0,423,2025-09-11,7,,STORE029
523,172.0,216,2025-11-23,10,2208.4,STORE023
524,658.0,271,2025-01-28,2,176.52,STORE030
525,488.0,309,2025-07-24,8,2243.53,STORE049
526,240.0,389,2025-09-30,7,1434.28,STORE010
527,892.0,446,2025-09-29,1,880.6,STORE029
528,695.0,324,2025-07-15,9,2054.97,STORE003
529,940.0,545,2025-02-19,6,2869.43,STORE028
530,941.0,668,2025-11-09,5,-200.0,STORE018
531,262.0,671,2025-02-20,10,1185.64,STORE050
532,768.0,248,2025-12-12,10,2316.08,STORE034
533,694.0,707,2025-06-22,3,953.54,STORE001
534,9.0,852,2025-12-11,2,55.65,STORE007
535,107.0,702,2025-09-26,8,1067.52,STORE047
536,258.0,198,2025-05-26,1,90.63,STORE006
537,962.0,609,2025-01-30,4,2852.46,STORE041
538,726.0,981,2025-03-04,2,277.43,STORE039
539,385.0,673,2025-03-08,10,2413.54,STORE012
540,713.0,189,2025-02-26,5,897.81,STORE043
541,655.0,465,2025-02-08,5,2312.69,STORE045
542,789.0,789,2025-12-08,6,786.86,STORE050
543,284.0,796,2025-02-07,1,1160.74,STORE022
544,265.0,979,2025-01-31,5,550.23,STORE005
545,951.0,206,2025-09-09,10,1190.05,STORE042
546,112.0,148,2025-09-09,9,2310.75,STORE014
547,659.0,109,2025-11-11,8,2151.89,STORE007
548,75.0,73,2025-01-18,10,2188.08,STORE050
549,20.0,919,2025-08-17,8,463.59,STORE041
550,956.0,39,2025-01-01,7,813.98,STORE045
551,927.0,401,2025-06-18,10,31.04,STORE046
552,490.0,447,2025-09-09,7,2535.27,STORE050
553,554.0,232,2025-02-05,1,1165.58,STORE045
554,125.0,581,2025-09-04,9,2806.43,STORE023
555,699.0,311,2025-06-20,7,184.48,STORE042
556,375.0,548,2025-02-16,6,259.76,STORE030
557,664.0,208,2025-05-29,3,1672.34,STORE025
558,196.0,307,2025-12-05,7,2691.45,STORE041
559,368.0,499,2025-12-19,2,2657.94,STORE029
560,144.0,37,2025-04-08,4,95.59,STORE038
561,501.0,399,2025-05-03,2,2382.36,STORE042
562,512.0,547,2025-06-07,8,2900.39,STORE002
563,348.0,58,2025-01-19,6,2367.58,STORE003
564,122.0,217,2025-07-27,9,1385.94,STORE044
565,153.0,759,2025-10-02,10,714.3,STORE005
566,754.0,145,2025-01-19,8,1968.42,STORE031
567,47.0,249,2025-11-13,3,62.81,STORE041
568,927.0,315,2025-01-26,2,1379.43,STORE011
569,66.0,838,2025-10-30,2,360.26,STORE039
570,226.0,65,2025-11-12,4,1290.11,STORE048
571,412.0,333,2025-12-14,2,2928.04,STORE037
572,141.0,330,2025-10-07,4,2297.4,STORE038
573,344.0,65,2025-03-30,2,836.2,STORE049
574,173.0,714,2025-08-01,6,1669.16,STORE029
575,948.0,596,2025-05-05,1,417.45,STORE041
576,386.0,797,2025-11-10,3,66.58,STORE032
577,7.0,8,2025-02-11,3,2779.89,STORE046
578,608.0,909,2025-11-30,5,1260.34,STORE050
579,709.0,130,2025-09-01,4,446.4,STORE018
580,462.0,422,2025-09-25,4,2815.51,STORE040
581,39.0,611,2025-12-21,3,2157.25,STORE040
582,643.0,847,2025-02-15,5,1056.6,STORE001
583,242.0,197,2025-10-13,2,2960.08,STORE007
584,371.0,884,2025-11-13,9,1532.47,STORE030
585,676.0,214,2025-11-17,5,178.15,STORE008
586,702.0,865,2025-03-18,8,1502.59,STORE011
587,945.0,45,2025-12-10,1,1941.69,
588,446.0,258,2025-04-18,6,1858.12,STORE049
589,45.0,107,2025-08-21,1,2776.09,STORE012
590,805.0,30,2025-03-22,8,1554.41,STORE005
591,739.0,456,2025-05-01,10,1747.69,STORE027
592,766.0,694,2025-04-12,6,705.59,STORE008
593,234.0,101,2025-06-16,4,2218.49,STORE013
594,913.0,226,2025-07-12,2,1423.55,STORE032
595,912.0,447,2025-01-28,3,664.17,STORE040
596,183.0,397,2025-08-21,6,426.49,STORE047
597,648.0,368,2025-04-10,5,622.59,STORE009
598,709.0,583,2025-01-17,1,856.2,STORE008
599,470.0,429,2025-08-27,3,2285.81,STORE015
600,619.0,161,2025-06-01,10,2718.62,STORE037
601,876.0,236,2025-10-11,2,1246.85,STORE034
602,883.0,222,2025-15-50,10,1431.0,STORE030
603,15.0,748,2025-05-23,7,2213.81,STORE016
604,336.0,445,2025-05-07,10,682.77,STORE038
605,936.0,588,2025-03-18,1,1264.96,STORE003
606,482.0,752,2025-01-21,9,120.19,STORE034
607,491.0,830,2025-07-21,2,1368.28,STORE016
100,572.0,772,2025-02-12,1,2085.62,STORE027
609,136.0,368,2025-04-22,5,732.41,STORE006
100,492.0,686,2025-01-09,5,502.17,STORE030
611,766.0,598,2025-10-20,1,2929.73,STORE030
612,896.0,721,2025-03-12,7,571.14,STORE024
613,476.0,721,2025-11-17,1,2583.94,STORE005
614,915.0,708,2025-07-17,6,1602.14,STORE019
615,771.0,277,2025-08-07,10,1636.46,STORE014
616,83.0,636,2025-12-17,6,2212.57,STORE004
617,969.0,932,2025-09-21,6,2666.17,STORE008
618,375.0,477,2025-07-16,10,141.81,STORE024
619,664.0,573,2025-03-31,2,1691.06,STORE050
620,142.0,343,2025-04-15,4,1628.11,STORE042
621,756.0,962,2025-09-02,10,2615.97,STORE045
622,772.0,763,2025-04-18,4,974.98,STORE018
623,697.0,434,2025-09-15,5,182.29,STORE024
624,464.0,498,2025-06-26,9,1589.51,STORE008
625,727.0,545,2025-08-29,9,2700.36,STORE029
626,377.0,820,2025-11-14,2,581.29,STORE030
627,83.0,401,2025-02-14,3,879.35,STORE005
628,169.0,283,2025-02-25,2,2097.3,STORE032
629,896.0,210,2025-03-19,9,2857.27,STORE002
630,427.0,993,2025-05-31,9,2796.53,STORE031
631,431.0,455,2025-06-27,1,888.72,STORE005
632,893.0,822,2025-01-12,4,2508.14,STORE034
633,344.0,422,2025-11-27,10,1041.52,STORE042
634,498.0,608,2025-06-17,9,2528.89,STORE029
635,312.0,581,2025-08-23,-5,2696.88,STORE020
636,809.0,267,2025-03-29,-5,1463.04,STORE019
637,152.0,362,2025-01-25,5,1378.66,STORE011
638,947.0,165,2025-11-13,9,870.03,STORE012
639,,927,2025-12-29,3,500.54,STORE008
640,325.0,589,2025-01-22,3,1333.85,STORE024
641,211.0,576,2025-04-05,1,2003.35,STORE023
642,382.0,460,2025-03-17,9,2926.89,STORE035
643,125.0,943,2025-06-04,1,1225.6,STORE032
644,971.0,470,2025-03-16,6,485.04,STORE048
645,1000.0,520,2025-10-07,6,1948.79,STORE019
646,918.0,297,2025-08-31,10,2007.33,STORE037
647,347.0,706,2025-08-15,2,2200.29,STORE003
648,695.0,565,2025-03-13,2,938.08,STORE026
649,862.0,226,2025-11-13,8,1085.03,STORE021
650,623.0,657,2025-01-29,4,1758.63,STORE015
651,201.0,24,2025-05-23,2,1624.47,STORE029
652,688.0,981,2025-12-13,2,2928.0,STORE026
653,503.0,326,2025-04-10,10,,STORE004
654,370.0,408,2025-12-08,3,2153.57,STORE028
655,396.0,382,2025-07-09,1,868.26,STORE023
656,457.0,896,2025-06-07,9,281.04,STORE047
657,760.0,426,2025-08-16,8,880.13,STORE047
658,747.0,918,2025-08-06,7,435.91,STORE038
659,89.0,148,2025-11-03,4,923.63,STORE034
660,68.0,956,2025-06-21,10,2273.22,STORE006
661,420.0,655,2025-01-04,5,1255.25,STORE036
662,728.0,582,2025-08-25,3,613.79,STORE025
663,568.0,503,2025-05-29,1,2471.94,STORE020
664,312.0,506,2025-10-27,9,2224.77,STORE015
665,811.0,3,2025-01-14,3,802.78,STORE041
666,484.0,128,2025-11-22,5,1263.13,STORE032
667,661.0,251,2025-12-19,-5,375.68,STORE018
668,994.0,69,2025-09-10,10,2241.79,STORE038
669,580.0,447,2025-09-04,5,1891.43,STORE031
670,838.0,123,2025-12-22,6,1547.33,STORE037
671,866.0,266,2025-01-09,3,1753.33,STORE010
672,473.0,900,2025-06-13,3,1085.01,STORE004
673,370.0,430,2025-05-20,6,165.17,STORE019
674,655.0,959,2025-09-29,2,1551.32,STORE050
675,188.0,784,2025-11-18,2,1804.31,STORE011
676,,894,2025-10-06,6,2483.93,STORE044
677,278.0,702,2025-06-04,6,305.58,STORE038
678,844.0,148,2025-06-30,1,428.11,STORE019
679,798.0,497,2025-07-10,7,1034.13,STORE011
680,224.0,159,2025-02-22,9,678.92,STORE013
681,629.0,707,2025-10-14,9,2541.29,STORE046
682,720.0,775,2025-10-10,2,1263.69,STORE005
683,839.0,135,2025-03-01,1,1448.96,STORE020
684,372.0,143,2025-12-20,8,2671.38,STORE039
685,782.0,994,2025-09-25,6,533.18,STORE020
686,763.0,835,2025-01-15,2,682.63,STORE045
687,705.0,233,2025-03-14,5,393.53,STORE009
688,436.0,708,2025-02-10,2,251.65,STORE050
689,776.0,442,2025-09-05,1,605.13,STORE003
690,526.0,608,2025-12-04,1,1417.87,STORE017
691,68.0,309,2025-01-23,1,2268.56,STORE008
692,211.0,602,2025-11-05,4,-200.0,STORE023
693,93.0,150,2025-01-15,5,2847.4,STORE023
694,165.0,876,2025-06-30,9,2346.79,STORE040
695,518.0,584,2025-05-04,2,315.33,STORE038
696,542.0,223,2025-01-08,4,2893.51,STORE011
697,5.0,997,2025-10-03,2,2774.21,STORE033
698,487.0,376,2025-12-29,10,571.67,STORE044
699,186.0,855,2025-02-24,6,2944.28,STORE028
700,527.0,234,2025-04-20,7,356.28,STORE021
701,478.0,113,2025-03-05,9,425.02,STORE049
702,722.0,296,2025-07-04,9,2171.97,STORE006
703,506.0,119,2025-06-17,7,865.16,STORE039
704,704.0,1000,2025-06-09,8,693.1,STORE027
705,876.0,439,2025-05-29,4,2573.19,STORE031
706,377.0,184,2025-12-14,1,2996.2,STORE032
707,108.0,406,2025-12-11,8,1577.53,STORE044
708,123.0,147,2025-02-13,7,1213.86,STORE038
709,760.0,948,2025-02-22,3,212.84,STORE013
710,206.0,610,2025-06-23,7,385.83,STORE028
711,286.0,784,2025-09-13,10,1789.08,STORE049
712,966.0,410,2025-11-26,6,1437.96,STORE039
713,497.0,524,2025-07-27,5,459.17,STORE030
714,126.0,257,2025-02-25,8,1501.88,STORE041
715,31.0,102,2025-03-10,1,2494.33,STORE032
716,28.0,996,2025-12-14,3,1160.25,STORE044
717,157.0,311,2025-06-17,10,1877.23,STORE049
718,677.0,770,2025-02-09,9,2307.36,STORE030
719,301.0,678,2025-04-14,8,1480.95,STORE017
720,352.0,829,2025-10-05,9,1648.93,STORE049
721,441.0,902,2025-01-17,2,1163.22,STORE021
722,454.0,471,2025-07-12,1,117.92,STORE036
723,882.0,799,2025-12-04,5,2656.41,STORE011
724,442.0,138,2025-09-09,5,2152.86,STORE032
725,583.0,692,2025-02-26,8,1987.03,STORE044
726,586.0,482,2025-10-04,8,1695.52,STORE011
727,58.0,401,2025-09-17,5,1494.18,STORE025
728,693.0,362,2025-11-12,5,975.04,STORE002
729,47.0,132,2025-10-30,6,1059.65,STORE048
730,28.0,784,2025-10-26,6,1154.11,STORE028
100,366.0,422,2025-06-26,6,188.22,STORE016
732,241.0,664,2025-05-07,5,1785.74,STORE045
733,890.0,313,2025-02-03,2,1026.03,STORE002
734,334.0,39,2025-10-03,8,1980.15,STORE028
735,528.0,924,2025-10-18,7,814.52,STORE045
736,603.0,23,2025-08-29,6,1145.66,STORE025
737,587.0,101,2025-06-15,8,318.17,STORE044
738,345.0,509,2025-04-16,9,2438.14,STORE043
739,171.0,630,2025-06-23,5,1102.74,STORE028
740,509.0,651,2025-04-14,2,2524.33,STORE035
741,295.0,272,2025-04-20,1,906.01,STORE037
742,824.0,232,2025-07-25,10,2233.81,STORE006
743,98.0,607,2025-10-24,6,834.63,STORE037
744,487.0,438,2025-09-29,4,1055.0,STORE005
745,844.0,310,2025-11-30,9,2416.3,STORE028
746,553.0,321,2025-12-06,4,1254.66,STORE017
747,528.0,465,2025-11-16,9,558.19,STORE002
748,721.0,529,2025-11-18,3,1738.99,STORE014
749,986.0,844,2025-12-05,8,818.45,STORE041
750,829.0,630,2025-09-30,7,2805.22,STORE047
751,62.0,535,2025-11-17,4,1105.54,STORE010
752,155.0,765,2025-05-04,5,2535.48,STORE027
753,881.0,851,2025-06-13,2,1909.1,STORE027
754,844.0,294,2025-05-17,3,784.21,STORE039
755,416.0,245,2025-05-01,2,466.89,STORE002
756,817.0,848,2025-05-06,5,1403.2,STORE036
757,433.0,663,2025-08-12,1,621.93,STORE018
758,30.0,265,2025-03-11,5,1982.84,STORE012
759,873.0,44,2025-11-26,8,2351.06,STORE004
760,322.0,617,2025-02-12,5,2604.17,STORE027
761,688.0,674,2025-07-06,2,1202.75,STORE047
762,242.0,115,2025-03-13,10,2208.75,STORE008
763,681.0,849,2025-09-25,10,2850.03,STORE034
764,509.0,906,2025-05-09,2,729.47,STORE008
765,338.0,853,2025-06-10,10,2216.96,STORE048
766,958.0,434,2025-05-01,4,449.95,STORE012
767,994.0,282,2025-04-20,8,1236.96,STORE038
768,503.0,547,2025-01-29,6,2104.86,STORE008
769,559.0,434,2025-06-12,8,2054.56,STORE018
770,372.0,487,2025-03-16,6,2467.67,STORE002
771,991.0,927,2025-11-27,10,123.73,STORE048
772,819.0,964,2025-12-06,1,2078.23,STORE043
773,260.0,566,2025-05-03,7,941.62,STORE045
774,925.0,832,2025-07-05,2,1614.03,STORE016
775,398.0,9,2025-08-15,7,2783.97,STORE017
776,93.0,959,2025-06-04,4,906.32,STORE011
777,647.0,325,2025-08-13,7,2372.17,STORE018
778,843.0,799,2025-02-11,8,1423.85,STORE027
779,735.0,433,2025-06-20,2,2476.71,STORE045
780,519.0,68,2025-05-14,6,1274.19,STORE047
781,756.0,335,2025-10-08,8,2091.73,STORE049
782,657.0,657,2025-01-27,3,1897.87,STORE042
783,4.0,411,2025-03-11,4,1892.32,STORE021
784,85.0,114,2025-10-22,3,763.82,STORE046
785,782.0,134,2025-11-29,10,2063.55,STORE021
786,490.0,895,2025-08-20,3,796.83,STORE044
787,847.0,336,2025-10-31,5,612.02,STORE027
788,187.0,403,2025-07-08,7,2835.38,STORE037
789,22.0,971,2025-04-25,1,2770.87,STORE042
790,642.0,235,2025-11-10,2,2922.9,STORE013
791,719.0,873,2025-05-15,3,168.35,STORE040
792,615.0,267,2025-08-08,3,285.4,STORE024
793,970.0,581,2025-03-29,2,62.06,STORE034
794,792.0,943,2025-08-11,8,2485.23,STORE032
795,230.0,731,2025-03-02,4,587.82,STORE018
796,765.0,507,2025-05-28,7,407.99,STORE014
797,221.0,844,2025-11-04,5,2185.59,STORE013
798,185.0,419,2025-08-03,3,105.74,STORE017
799,633.0,462,2025-05-01,4,1121.52,STORE044
800,470.0,88,2025-11-28,1,1417.27,STORE021
801,408.0,704,2025-12-21,4,2145.74,STORE046
802,754.0,612,2025-08-05,5,-200.0,STORE036
803,54.0,341,2025-01-31,4,1423.38,STORE023
804,962.0,687,2025-11-07,10,2134.51,STORE003
805,260.0,517,2025-01-03,10,1155.19,STORE026
806,380.0,136,2025-12-10,9,142.55,STORE012
807,,516,2025-05-14,8,2792.37,STORE030
808,92.0,325,2025-03-09,9,1310.13,STORE017
809,321.0,46,2025-03-01,3,1507.65,
810,949.0,441,2025-07-04,5,2710.32,STORE017
811,850.0,780,2025-11-10,5,1560.58,STORE028
812,324.0,755,2025-03-26,8,2295.75,STORE010
813,874.0,946,2025-10-12,8,178.6,STORE010
814,236.0,188,2025-01-28,1,1421.34,STORE011
815,479.0,999999,2025-12-28,2,2985.7,STORE032
816,453.0,366,2025-01-21,9,1465.89,STORE032
817,867.0,738,2025-02-27,3,388.49,STORE006
818,890.0,291,2025-04-15,3,2508.16,STORE048
819,843.0,280,2025-09-18,10,2674.87,STORE038
820,598.0,995,2025-04-19,1,1587.53,STORE037
821,427.0,943,2025-04-03,2,753.55,STORE032
822,97.0,909,2025-12-13,6,97.37,STORE044
823,125.0,404,2025-12-15,6,1779.21,STORE007
824,158.0,30,2025-06-15,2,1391.49,STORE046
825,492.0,465,2025-12-04,5,1790.73,STORE001
826,994.0,45,2025-06-18,10,2853.67,STORE021
827,133.0,217,2025-10-19,1,2408.64,STORE019
828,818.0,57,2025-06-15,2,1650.53,STORE039
829,95.0,409,2025-07-15,5,550.47,STORE050
830,92.0,22,2025-07-24,4,505.56,STORE050
831,292.0,663,2025-07-26,3,379.39,STORE032
832,754.0,826,2025-08-10,5,2713.13,STORE039
833,368.0,682,2025-03-09,2,2499.52,STORE033
834,502.0,457,2025-04-13,7,1439.79,STORE037
835,434.0,93,2025-11-04,7,2436.76,STORE040
836,445.0,646,2025-04-06,7,296.98,STORE033
837,997.0,475,2025-06-24,4,1949.88,STORE046
838,954.0,508,2025-03-21,9,1896.09,STORE034
839,298.0,480,2025-02-12,7,255.97,STORE031
840,153.0,131,2025-06-03,5,2527.78,STORE034
841,303.0,583,2025-08-07,1,1661.96,STORE003
842,111.0,523,2025-09-20,7,1250.8,STORE030
843,738.0,583,2025-12-05,5,1079.26,STORE038
844,788.0,516,2025-02-11,1,359.53,STORE043
845,184.0,806,2025-08-25,3,2531.87,STORE003
846,427.0,898,2025-02-12,5,955.56,STORE047
847,776.0,687,2025-08-21,8,1878.95,STORE017
848,990.0,941,2025-06-24,3,648.98,STORE006
849,266.0,893,2025-11-06,2,1312.72,STORE002
850,405.0,120,2025-01-03,1,531.77,STORE031
851,709.0,415,2025-08-24,10,2183.22,STORE020
852,833.0,998,2025-11-13,10,1094.97,STORE044
853,692.0,405,2025-12-20,5,281.15,STORE009
854,196.0,115,2025-01-08,1,2094.18,STORE013
855,215.0,493,2025-01-14,3,1956.22,STORE028
856,879.0,809,2025-11-17,9,588.93,STORE020
857,152.0,486,2025-08-26,7,85.01,STORE011
858,757.0,720,2025-03-20,8,2892.32,STORE031
859,881.0,461,2025-01-11,10,743.04,STORE019
860,850.0,854,2025-10-19,7,171.75,STORE001
861,646.0,868,2025-02-22,7,2938.87,
862,611.0,749,2025-10-24,9,2997.1,STORE003
863,410.0,498,2025-09-07,9,1781.3,STORE040
864,927.0,837,2025-12-14,8,711.08,STORE004
865,20.0,433,2025-09-28,10,961.23,STORE005
866,915.0,664,2025-05-18,7,2669.64,STORE008
867,638.0,962,2025-09-11,6,1356.01,STORE028
868,166.0,295,2025-01-11,4,1418.34,STORE029
869,520.0,225,2025-04-29,10,2729.03,STORE022
870,874.0,863,2025-11-05,8,410.85,STORE019
871,400.0,983,2025-12-31,7,2502.58,STORE044
872,753.0,369,2025-12-01,8,2403.27,STORE011
873,213.0,290,2025-11-15,2,2007.83,STORE009
874,205.0,161,2025-03-30,10,1486.71,STORE027
875,311.0,241,2025-09-10,4,1679.35,STORE002
876,903.0,268,2025-07-03,6,2037.25,STORE012
877,33.0,827,2025-09-15,2,1026.45,STORE008
878,233.0,124,2025-11-13,9,687.81,STORE017
879,804.0,364,2025-06-24,1,2314.88,STORE036
880,918.0,155,2025-05-17,9,1820.78,STORE007
881,52.0,949,2025-12-28,8,2400.98,STORE049
882,999.0,109,2025-02-26,10,1836.77,STORE007
883,43.0,520,2025-10-15,2,517.8,STORE008
884,933.0,371,2025-04-16,3,2190.48,STORE046
885,781.0,519,2025-08-15,8,2203.0,STORE007
886,663.0,373,2025-03-20,6,2461.1,STORE008
887,450.0,993,2025-04-14,7,2312.27,STORE001
888,855.0,829,2025-05-06,8,1037.13,STORE033
889,88.0,273,2025-03-29,6,2151.3,STORE027
890,645.0,681,2025-07-04,4,471.8,STORE049
891,432.0,807,2025-09-29,4,431.22,STORE028
892,941.0,420,2025-07-31,8,2856.48,STORE034
893,371.0,967,2025-12-16,1,1338.88,STORE050
894,735.0,826,2025-01-06,9,2832.06,STORE006
895,323.0,412,2025-06-23,3,1313.54,STORE026
896,677.0,945,2025-01-19,3,2709.48,STORE004
897,731.0,819,2025-11-20,9,2918.53,STORE027
898,908.0,698,2025-07-25,9,2623.17,STORE047
899,932.0,353,2025-06-10,1,2484.47,STORE034
900,943.0,151,2025-11-09,7,1349.64,STORE014
901,640.0,808,2025-10-06,10,1963.07,STORE045
902,909.0,999999,2025-06-26,7,2330.69,STORE020
903,38.0,551,2025-02-13,6,1182.18,STORE047
904,533.0,554,2025-03-06,5,656.93,STORE033
905,320.0,534,2025-10-10,6,2276.0,STORE011
906,29.0,912,2025-01-12,9,1785.66,STORE016
907,744.0,433,2025-06-05,9,349.12,STORE004
908,266.0,643,2025-07-10,9,1076.33,STORE004
909,964.0,128,2025-11-30,8,907.92,STORE048
910,465.0,348,2025-01-03,4,2420.05,STORE038
911,732.0,916,2025-10-17,9,2536.6,STORE015
912,307.0,292,2025-06-29,10,2023.85,STORE046
913,533.0,756,2025-07-13,4,333.58,STORE034
914,198.0,843,2025-10-26,6,1373.84,STORE010
915,436.0,849,2025-12-31,7,264.2,STORE004
916,910.0,134,2025-08-06,8,660.06,STORE005
917,694.0,539,2025-07-09,7,1772.95,STORE034
918,893.0,271,2025-07-22,10,1506.51,STORE028
919,706.0,954,2025-08-14,8,2200.52,STORE027
920,148.0,518,2025-03-25,3,1464.6,STORE030
921,992.0,722,2025-03-08,9,2592.55,STORE008
922,218.0,467,2025-12-22,8,117.17,STORE011
923,379.0,944,2025-10-14,2,1812.77,STORE027
924,124.0,379,2025-02-26,10,882.98,STORE034
925,121.0,381,2025-03-20,5,2973.24,STORE020
926,498.0,29,2025-05-31,3,443.58,STORE038
927,50.0,960,2025-08-04,5,2669.39,
928,839.0,758,2025-04-04,8,26.22,STORE036
929,70.0,892,2025-06-28,1,1264.37,STORE037
930,580.0,464,2025-06-08,6,2348.42,STORE031
931,136.0,781,2025-11-07,3,1524.2,STORE030
932,684.0,460,2025-08-19,3,2601.71,STORE021
933,820.0,640,2025-02-15,10,1240.69,STORE015
934,348.0,554,2025-07-22,1,2875.08,STORE029
935,662.0,91,2025-05-23,3,2127.48,STORE037
936,816.0,791,2025-11-19,5,1691.91,STORE008
937,573.0,88,2025-11-26,4,2866.4,STORE035
938,776.0,55,2025-10-23,10,1574.83,STORE049
939,515.0,919,2025-09-01,1,378.44,STORE035
940,986.0,20,2025-04-03,5,2364.54,STORE016
941,860.0,909,2025-12-28,10,1343.8,STORE035
942,329.0,412,2025-11-07,10,154.05,STORE002
943,448.0,185,2025-06-24,7,91.69,STORE034
944,392.0,264,2025-06-12,2,361.64,STORE007
945,173.0,293,2025-10-05,3,564.35,STORE050
946,158.0,315,2025-02-15,7,2042.25,STORE004
947,985.0,334,2025-11-11,3,100.97,STORE004
948,400.0,102,2025-06-02,6,444.53,STORE021
949,385.0,965,2025-05-13,2,174.6,STORE016
950,601.0,243,2025-11-02,8,1535.69,STORE033
951,973.0,118,2025-07-17,5,200.68,STORE030
952,417.0,68,2025-10-11,8,106.14,STORE041
953,936.0,908,2025-04-30,1,822.1,STORE038
954,104.0,253,2025-12-12,9,1961.62,STORE009
955,582.0,417,2025-06-05,8,270.05,STORE041
956,209.0,802,2025-09-14,3,1132.45,STORE011
957,551.0,976,2025-05-06,7,2884.83,STORE036
958,43.0,2,2025-08-20,8,2884.12,STORE040
959,669.0,996,2025-05-29,3,21.62,STORE031
960,613.0,257,2025-05-20,7,2997.74,STORE041
961,600.0,861,2025-04-19,9,-200.0,STORE011
962,577.0,72,2025-10-01,5,287.35,STORE045
963,851.0,144,2025-03-04,9,2996.49,STORE028
964,626.0,517,2025-04-18,6,2654.12,STORE022
965,268.0,771,2025-11-22,8,833.58,STORE043
966,350.0,216,2025-06-14,8,2877.8,STORE022
967,936.0,709,2025-01-09,3,1946.4,STORE001
968,488.0,5,2025-11-08,1,2024.67,STORE027
969,917.0,714,2025-10-12,8,2292.15,STORE035
970,807.0,898,2025-02-11,2,1625.17,STORE043
971,689.0,127,2025-08-16,6,2916.68,STORE025
972,367.0,397,2025-11-04,3,2520.65,STORE045
973,128.0,474,2025-01-05,6,2810.02,STORE029
974,227.0,761,2025-01-05,1,2280.09,STORE044
975,367.0,197,2025-12-30,2,2452.52,STORE041
976,828.0,736,2025-06-05,4,718.09,STORE032
977,38.0,288,2025-07-05,8,2715.43,STORE046
978,215.0,8,2025-11-07,4,2953.11,STORE041
979,114.0,891,2025-07-22,5,1715.92,STORE032
980,566.0,199,2025-03-29,10,2023.08,STORE039
981,180.0,67,2025-10-17,10,402.17,STORE005
982,266.0,956,2025-03-07,10,2569.33,STORE034
983,197.0,869,2025-05-21,1,2976.02,STORE045
984,546.0,630,2025-12-14,5,2048.43,STORE030
985,961.0,438,2025-01-02,1,2564.5,STORE021
986,865.0,417,2025-08-10,5,382.72,STORE034
987,508.0,371,2025-08-27,9,2281.88,STORE047
988,49.0,285,2025-04-25,7,1606.58,STORE021
989,402.0,200,2025-01-03,6,263.79,STORE037
990,756.0,232,2025-01-13,7,2874.17,STORE016
991,169.0,338,2025-04-11,5,207.28,STORE041
992,29.0,492,2025-02-19,7,2428.02,STORE038
993,958.0,343,2025-11-17,5,756.52,STORE031
994,982.0,349,2025-05-03,1,2468.47,STORE034
995,967.0,75,2025-05-02,10,1866.31,STORE049
996,641.0,458,2025-02-18,10,391.98,STORE004
997,387.0,321,2025-01-18,2,2352.29,STORE004
998,57.0,309,2025-08-15,10,1886.03,STORE005
999,694.0,58,2025-02-22,9,175.57,STORE025
1000,99.0,633,2025-07-25,7,714.67,STORE039
