OrderID,CustomerID,ProductID,OrderDate,Quantity,UnitPrice,StoreCode
1,1810,225,07-09-2025,7,3822.93,STORE002
2,1123,374,17-10-2025,9,355.1,STORE005
3,774,170,05-12-2025,8,3662.62,STORE021
4,292,391,11-04-2025,2,3092.03,STORE009
5,86,23,05-06-2025,1,4768.73,STORE007
6,397,214,19-03-2025,7,2744.34,STORE009
7,432,1,03-02-2025,3,4297.03,STORE009
8,1612,34,23-04-2025,8,4577.37,STORE006
9,1011,59,10-02-2025,8,4062.22,STORE011
10,763,436,29-08-2025,5,2893.68,STORE018
11,1668,380,19-06-2025,6,2643.01,STORE022
12,1468,302,24-09-2025,5,4034.82,STORE025
13,464,418,12-01-2025,7,2427.31,STORE011
14,616,256,27-07-2025,1,4761.46,STORE010
15,528,55,17-03-2025,9,1133.65,STORE008
16,510,238,20-03-2025,2,3492.96,STORE017
17,1521,205,03-08-2025,10,1669.44,STORE003
18,1277,247,06-12-2025,2,3879.33,STORE002
19,1670,222,20-03-2025,7,2376.41,STORE001
20,759,61,07-06-2025,4,2442.87,STORE016
21,812,302,20-04-2025,7,2161.93,STORE008
22,1251,412,26-03-2025,6,812.78,STORE011
23,1748,999999,21-02-2025,2,429.91,STORE024
24,878,253,17-02-2025,3,4959.35,STORE001
25,67,69,30-05-2025,6,3400.12,STORE023
25,1172,45,21-01-2025,3,4466.54,STORE011
27,169,21,11-11-2025,1,4110.72,STORE007
28,1838,201,09-09-2025,2,1351.3,STORE010
29,1078,37,10-11-2025,5,710.31,STORE015
30,533,81,26-11-2025,9,498.68,STORE020
31,582,17,21-07-2025,6,3331.74,STORE023
32,927,184,18-09-2025,5,1482.39,STORE023
33,857,414,01-05-2025,5,3337.95,STORE007
34,305,361,21-03-2025,1,415.68,STORE019
35,303,56,18-08-2025,3,763.65,STORE003
36,682,353,13-06-2025,10,1211.49,STORE016
37,252,477,26-11-2025,9,3652.31,STORE010
38,430,,31-08-2025,1,1833.76,STORE013
39,101,17,10-05-2025,7,949.08,STORE016
40,1980,204,30-12-2025,6,2259.07,STORE011
41,1449,217,04-12-2025,6,4791.16,STORE025
42,1434,95,04-01-2025,3,4772.36,""
43,304,22,13-03-2025,4,2573.67,STORE016
44,1859,104,03-04-2025,7,211.48,STORE001
45,1457,176,11-11-2025,6,1699.16,STORE004
46,1689,497,14-09-2025,4,1071.09,STORE011
47,1757,378,16-09-2025,5,2663.73,STORE017
48,1255,475,10-11-2025,4,2185.99,STORE024
49,932,494,30-10-2025,9,1465.16,STORE025
50,583,171,10-01-2025,7,2954.81,STORE003
51,1799,214,26-08-2025,10,2868.05,STORE011
52,457,231,16-05-2025,5,4459.74,STORE002
53,1369,464,24-10-2025,5,1986.17,STORE001
54,84,,19-08-2025,4,1996.96,STORE014
55,1644,412,21-05-2025,9,4075.83,STORE018
55,34,257,24-11-2025,5,3849.13,STORE022
57,438,274,05-12-2025,9,1452.03,STORE004
58,1896,200,15-10-2025,6,902.64,STORE021
59,1404,220,15-13-2025,6,3241.28,STORE016
60,347,337,30-05-2025,5,2089.57,STORE014
61,336,186,19-02-2025,5,1561.27,STORE018
62,1309,36,09-02-2025,3,4368.64,STORE001
63,136,399,19-05-2025,3,584.59,STORE015
64,1025,393,01-10-2025,8,2563.68,STORE016
65,570,403,12-02-2025,-6,3949.22,STORE012
66,1117,484,09-05-2025,1,4556.38,STORE020
67,1625,999999,14-02-2025,2,828.21,STORE011
68,398,246,20-11-2025,6,168.35,STORE013
69,886,54,20-09-2025,7,1077.55,STORE007
70,991,397,28-10-2025,2,4881.16,STORE024
71,1346,479,11-09-2025,9,3858.78,STORE013
72,756,102,22-01-2025,1,2275.49,STORE001
73,36,341,10-07-2025,6,2089.36,STORE001
74,1766,238,13-02-2025,3,4218.25,STORE020
75,1570,60,31-10-2025,3,2377.68,STORE018
76,1487,390,24-06-2025,2,3132.23,STORE002
77,1307,163,06-05-2025,5,2694.67,STORE014
78,1759,55,29-01-2025,5,3330.82,STORE005
79,1671,195,20-03-2025,5,1712.91,STORE014
80,1998,272,06-07-2025,2,2501.47,STORE024
81,47,14,26-05-2025,6,940.19,STORE003
82,1908,269,05-11-2025,10,-4260.82,STORE012
83,1573,171,12-06-2025,2,929.44,STORE007
84,162,119,26-01-2025,5,1571.21,STORE025
85,1109,468,10-02-2025,9,4677.34,STORE023
86,1857,283,03-12-2025,5,520.17,STORE013
87,84,160,04-08-2025,2,3296.33,STORE009
88,281,36,18-02-2025,10,39.97,""
89,832,278,24-02-2025,5,810.86,STORE018
90,508,42,21-06-2025,3,941.94,STORE019
91,213,999999,09-01-2025,8,1107.72,STORE023
92,489,209,03-01-2025,9,4377.86,STORE019
93,1590,432,07-04-2025,8,2746.87,STORE002
94,1256,342,18-07-2025,4,4128.63,STORE010
95,829,499,30-10-2025,7,4555.52,STORE010
96,1263,439,05-03-2025,7,1289.9,STORE020
97,235,208,32-01-2025,4,3738.99,STORE023
98,1981,344,08-05-2025,3,3561.12,STORE008
99,1526,24,06-02-2025,7,682.15,STORE007
100,231,,02-01-2025,4,3591.84,STORE023
101,700,106,17-08-2025,3,752.0,STORE021
102,1780,189,16-06-2025,7,1906.05,STORE017
103,909,340,14-04-2025,-3,1049.77,STORE012
104,1004,251,21-05-2025,7,263.69,STORE001
105,325,32,31-01-2025,8,2630.92,STORE007
106,1805,148,14-03-2025,5,1411.05,STORE014
107,970,403,29-09-2025,2,2940.69,STORE012
108,460,231,13-04-2025,5,4200.55,STORE013
109,984,113,13-08-2025,3,105.39,STORE008
110,788,113,10-10-2025,9,3216.6,""
111,1070,131,20-12-2025,2,1373.62,STORE022
112,636,383,26-07-2025,1,333.58,STORE004
113,580,130,06-05-2025,9,4282.13,STORE019
114,,472,04-04-2025,8,4887.71,STORE001
115,671,394,20-12-2025,-9,2110.24,STORE011
116,384,56,06-06-2025,7,1270.82,STORE009
117,999999,206,09-12-2025,10,2834.77,STORE012
118,1280,101,06-05-2025,6,248.1,STORE011
119,1555,124,30-09-2025,6,2475.89,STORE014
120,34,354,09-02-2025,2,2834.49,STORE005
121,1775,999999,15-04-2025,8,2073.55,STORE024
122,904,368,11-03-2025,4,3695.36,STORE007
123,75,132,06-01-2025,10,2057.51,STORE009
124,1823,231,18-04-2025,2,1717.26,STORE008
125,192,413,09-05-2025,10,2693.72,STORE021
126,494,23,01-09-2025,5,2714.55,STORE022
127,1493,999999,08-09-2025,4,3982.7,STORE011
128,1194,118,22-10-2025,5,20.46,STORE023
129,731,386,20-08-2025,9,3485.78,STORE001
130,1285,293,11-01-2025,5,978.87,STORE006
131,999999,376,02-04-2025,4,4139.84,STORE007
132,126,339,19-08-2025,-4,3100.86,STORE002
133,751,322,03-06-2025,7,786.57,STORE003
134,326,243,13-07-2025,1,873.45,STORE002
135,1402,432,04-08-2025,2,442.44,STORE006
136,315,213,25-02-2025,7,1161.7,STORE006
137,1066,366,12-10-2025,9,4750.84,STORE019
138,1879,300,18-06-2025,8,803.84,STORE020
139,1162,111,18-08-2025,7,877.23,STORE015
140,533,311,20-04-2025,1,997.42,STORE010
141,,239,16-02-2025,10,594.43,STORE023
142,471,378,25-12-2025,9,4748.82,STORE004
143,809,466,99-99-2025,10,3568.0,STORE005
144,1637,65,04-05-2025,1,2551.91,STORE020
145,152,124,03-10-2025,9,436.17,STORE017
146,999999,134,20-06-2025,9,698.18,STORE006
147,1742,430,16-04-2025,3,4018.29,STORE008
148,184,266,17-03-2025,10,2222.89,STORE014
149,1120,42,14-06-2025,8,839.88,STORE009
150,692,16,17-01-2025,1,3904.64,STORE025
151,50,442,16-01-2025,2,1626.03,STORE025
152,1305,300,11-02-2025,2,3446.02,STORE016
153,202,225,03-10-2025,6,305.09,STORE021
154,1239,999999,18-03-2025,6,1577.96,STORE022
155,1323,149,30-05-2025,5,813.19,STORE018
156,1230,343,23-10-2025,9,2394.36,STORE016
157,1573,40,19-03-2025,3,4125.3,STORE010
158,1615,22,10-06-2025,7,2354.99,STORE017
159,54,23,03-11-2025,1,33.92,STORE009
160,774,177,22-11-2025,6,461.67,STORE024
161,1086,77,27-07-2025,7,2823.75,STORE008
162,1634,138,19-09-2025,4,4953.52,STORE012
163,750,159,29-03-2025,10,1889.12,STORE002
164,81,321,29-08-2025,1,2045.52,STORE008
165,1754,315,13-10-2025,8,3098.09,STORE001
166,1595,326,27-09-2025,3,646.32,STORE002
167,97,999999,04-03-2025,7,1279.02,STORE017
168,1875,271,03-01-2025,5,3135.38,STORE009
169,1319,91,08-10-2025,8,2502.27,STORE008
170,775,368,07-04-2025,9,3245.76,STORE013
171,318,345,03-02-2025,3,3489.29,STORE020
172,1487,88,25-09-2025,10,3233.03,STORE022
173,835,153,23-03-2025,1,1228.73,STORE014
174,268,189,28-09-2025,7,1085.09,STORE010
175,516,43,25-08-2025,1,4113.74,STORE010
176,1294,200,22-03-2025,6,4731.79,STORE012
177,1775,448,22-01-2025,3,2028.33,STORE008
178,756,,06-10-2025,3,1483.29,STORE024
179,963,194,07-06-2025,7,3964.63,STORE010
180,1967,418,29-09-2025,9,4583.05,STORE001
181,1497,56,08-07-2025,4,2789.33,STORE017
182,1701,142,19-06-2025,3,2339.1,""
183,77,149,18-12-2025,1,4965.77,STORE010
184,1877,111,17-04-2025,6,987.76,STORE017
185,646,453,29-12-2025,2,1985.71,STORE008
186,1651,53,16-02-2025,2,3562.3,STORE015
187,1478,450,05-03-2025,9,260.69,STORE007
188,188,324,14-12-2025,4,2473.05,STORE005
189,662,,21-01-2025,7,4276.97,STORE024
190,1881,385,10-11-2025,9,2493.4,STORE011
191,196,237,14-09-2025,7,3898.99,STORE024
192,1827,5,06-01-2025,3,1059.34,STORE001
193,61,301,24-02-2025,6,3897.59,STORE004
194,1716,306,26-09-2025,1,1237.04,STORE013
195,1305,360,12-09-2025,5,3651.72,
196,1878,2,14-11-2025,4,1970.97,STORE020
197,275,454,30-01-2025,2,1569.91,STORE003
198,1784,270,24-11-2025,10,1448.44,STORE018
199,474,204,29-09-2025,8,1727.89,STORE001
200,1550,209,10-04-2025,3,4078.43,STORE006
201,1243,309,16-09-2025,3,386.04,STORE015
202,692,215,09-02-2025,2,1290.63,STORE002
203,1756,375,31-05-2025,3,2608.01,STORE014
204,88,425,07-07-2025,1,3894.53,STORE011
205,1917,,08-08-2025,7,4832.11,STORE024
206,239,383,07-03-2025,7,3905.93,STORE001
207,1934,99,29-01-2025,9,4426.99,STORE012
208,1812,312,15-02-2025,1,1943.69,STORE022
209,657,482,19-04-2025,2,4764.88,STORE025
210,1839,175,02-07-2025,1,4090.64,STORE017
211,894,293,25-02-2025,8,3139.36,STORE016
212,1150,330,15-03-2025,10,1070.08,STORE017
213,595,999999,21-01-2025,2,1225.66,STORE018
214,917,400,10-04-2025,6,1506.23,STORE016
215,1870,282,28-09-2025,3,2049.14,STORE007
216,767,315,05-03-2025,1,530.32,STORE012
217,1422,10,07-11-2025,1,2546.85,STORE019
218,133,412,29-05-2025,5,2878.96,STORE001
219,928,131,26-10-2025,3,2026.22,STORE020
220,1278,483,17-11-2025,7,3837.81,STORE019
221,1781,400,03-12-2025,5,4154.81,STORE021
222,1230,382,13-12-2025,8,466.48,STORE017
223,1097,402,07-07-2025,10,1932.81,STORE019
224,677,290,22-02-2025,5,125.94,STORE017
225,1167,317,10-04-2025,-3,4454.89,STORE004
226,603,400,14-03-2025,7,2032.98,STORE018
227,113,,15-11-2025,1,4950.31,STORE016
228,937,392,02-08-2025,1,3216.84,STORE006
229,634,288,27-04-2025,9,3041.52,STORE011
230,1234,999999,05-07-2025,4,4494.64,STORE017
231,1551,9,26-05-2025,1,4488.31,STORE014
232,242,73,45-07-2025,10,3057.83,STORE011
233,1210,391,03-07-2025,9,3389.24,STORE014
234,192,402,09-10-2025,7,2873.11,STORE012
235,150,473,99-99-2025,1,2817.73,STORE014
236,1654,271,10-06-2025,-10,1697.53,STORE025
237,1592,137,24-07-2025,9,761.78,STORE019
238,637,436,18-09-2025,5,3137.69,STORE002
239,1706,999999,26-03-2025,8,3766.62,STORE001
240,890,308,20-07-2025,7,331.77,
241,1032,104,08-02-2025,2,3348.21,STORE020
242,1986,422,14-01-2025,1,4727.81,STORE013
243,1254,332,23-05-2025,2,1479.31,""
243,112,233,28-07-2025,3,4317.23,STORE017
245,1945,227,25-11-2025,7,3142.35,STORE002
246,452,327,24-05-2025,5,103.75,STORE016
247,1227,145,20-07-2025,3,309.75,STORE015
248,1487,,30-07-2025,3,2989.63,STORE012
249,1528,447,09-09-2025,8,4615.69,STORE002
250,1158,999999,05-11-2025,2,3850.18,STORE009
251,1382,274,15-05-2025,2,4852.08,STORE007
252,476,46,09-03-2025,6,1802.24,STORE006
253,1876,493,25-07-2025,2,2346.62,STORE003
254,420,,26-03-2025,2,411.4,STORE006
255,449,385,05-08-2025,4,4129.33,STORE022
256,958,254,07-10-2025,-10,4882.64,STORE013
257,917,39,08-12-2025,9,1497.71,STORE009
258,1487,493,28-03-2025,10,1628.65,STORE005
259,603,262,23-01-2025,2,2167.18,STORE010
260,485,232,15-04-2025,5,4163.36,STORE013
261,222,475,14-03-2025,8,3709.76,STORE016
262,349,469,06-04-2025,2,89.79,STORE006
263,1799,252,29-10-2025,9,4140.07,STORE004
264,535,266,03-08-2025,3,2871.15,STORE011
265,1007,402,18-12-2025,10,2200.9,STORE025
266,1693,119,04-10-2025,4,4385.68,""
267,837,15,23-06-2025,4,2870.68,STORE015
268,47,253,26-12-2025,10,2732.1,STORE021
269,1395,475,02-03-2025,8,2402.04,STORE002
270,1922,255,01-05-2025,7,2601.02,STORE005
271,32,187,02-01-2025,7,2712.29,STORE003
272,351,93,25-04-2025,6,1652.9,
273,1391,448,04-12-2025,6,93.86,STORE011
274,917,480,23-02-2025,5,2036.57,STORE005
275,1071,334,31-03-2025,2,4908.88,STORE005
276,815,497,22-08-2025,10,4775.36,STORE018
277,1583,350,18-05-2025,4,2161.21,STORE020
278,1605,280,09-01-2025,3,651.83,STORE002
279,1636,18,06-11-2025,4,3318.32,STORE018
280,1473,307,21-12-2025,5,2546.66,STORE010
281,611,452,07-11-2025,6,4233.75,STORE020
282,1290,34,28-11-2025,2,1432.16,STORE015
283,1040,235,19-01-2025,8,476.5,STORE006
284,1115,206,18-08-2025,7,2398.46,STORE018
285,1345,96,14-01-2025,10,2270.99,STORE013
286,1974,315,02-02-2025,8,2484.59,STORE018
287,1110,77,16-11-2025,10,4578.29,STORE017
288,1732,79,08-03-2025,6,2590.26,STORE007
289,1536,20,99-99-2025,9,1604.9,STORE017
290,756,27,23-12-2025,5,4417.44,STORE022
291,739,387,19-07-2025,7,3643.89,STORE011
292,1166,20,16-01-2025,2,856.24,""
293,1746,192,18-05-2025,5,929.13,STORE017
294,1216,202,11-04-2025,3,1778.04,STORE020
295,1308,127,21-11-2025,3,3423.96,STORE024
296,552,405,20-07-2025,4,4334.13,STORE007
297,1847,473,21-10-2025,2,1714.13,STORE006
298,1402,349,17-06-2025,3,2674.54,STORE011
298,1910,248,02-04-2025,6,1957.6,STORE019
300,454,445,22-12-2025,4,1729.76,STORE020
301,758,53,25-04-2025,9,548.93,STORE023
302,750,14,27-11-2025,8,2604.3,STORE013
303,1145,167,09-01-2025,10,1615.8,STORE016
304,589,423,14-05-2025,4,57.86,STORE010
305,246,450,12-12-2025,9,4125.16,STORE003
306,232,468,04-09-2025,10,2431.56,""
307,1192,121,18-05-2025,1,448.33,STORE012
308,630,46,16-06-2025,5,2279.31,STORE011
309,415,55,21-04-2025,3,1843.23,STORE007
310,975,373,26-09-2025,2,1205.98,STORE014
311,650,24,09-01-2025,10,1343.46,STORE005
312,1318,411,25-02-2025,5,4752.93,""
313,364,234,16-07-2025,10,2655.48,STORE004
314,1073,243,15-10-2025,1,3033.26,STORE005
315,14,140,04-07-2025,3,1190.35,STORE017
316,1755,393,28-06-2025,7,830.69,STORE005
317,1142,415,08-08-2025,7,310.68,STORE011
318,1196,260,01-08-2025,8,2703.8,STORE009
319,344,71,10-09-2025,6,2560.84,STORE024
320,573,278,20-11-2025,6,3669.78,STORE014
320,1632,444,12-06-2025,10,1454.4,STORE017
322,,61,12-02-2025,7,4927.22,STORE001
323,1808,21,22-01-2025,3,4012.08,STORE012
324,1201,332,29-04-2025,2,4793.14,STORE005
325,1692,453,01-03-2025,6,4345.06,STORE003
326,664,175,04-09-2025,1,2618.5,STORE021
327,1138,378,04-04-2025,2,1433.87,STORE010
328,1075,316,16-07-2025,7,2940.44,STORE023
329,1024,494,20-12-2025,4,2126.9,STORE021
330,1474,999999,30-05-2025,7,765.53,STORE001
331,1513,361,27-03-2025,6,1453.81,STORE003
332,1650,417,30-03-2025,9,4042.49,STORE004
333,390,429,02-02-2025,3,1016.9,STORE005
334,1322,4,17-11-2025,5,3127.86,STORE002
335,17,454,16-02-2025,9,1238.85,STORE009
336,999999,368,11-10-2025,8,1738.14,STORE018
337,828,266,28-12-2025,2,3332.48,STORE006
338,1843,180,03-09-2025,8,1617.83,STORE024
339,1152,322,17-05-2025,8,695.62,STORE005
340,1930,17,16-06-2025,3,3100.69,STORE017
341,1751,343,21-08-2025,7,4500.26,STORE018
342,210,201,28-01-2025,9,4347.77,STORE023
343,248,331,29-08-2025,3,335.34,STORE022
344,908,404,22-04-2025,10,3283.87,STORE006
345,1897,15,16-06-2025,3,879.27,STORE019
346,1863,315,20-04-2025,7,4410.16,STORE004
347,1638,168,03-12-2025,10,395.31,STORE010
348,1128,74,02-05-2025,3,1639.01,STORE012
349,501,405,23-10-2025,9,1031.87,STORE018
350,547,214,04-03-2025,8,3629.43,STORE015
351,1808,253,23-04-2025,3,4045.04,STORE010
352,41,293,20-06-2025,5,4329.86,STORE019
353,1588,256,09-11-2025,2,918.69,STORE015
354,1737,,26-10-2025,8,33.39,STORE019
355,332,29,19-06-2025,4,3340.27,STORE020
356,1080,467,12-09-2025,2,1086.9,STORE023
357,670,71,24-10-2025,9,4730.11,STORE017
358,306,15,12-12-2025,2,690.89,STORE012
359,1620,372,28-01-2025,9,958.43,STORE002
360,544,390,11-10-2025,8,3040.77,STORE022
361,1063,258,17-09-2025,10,2203.08,STORE022
362,1516,999999,27-12-2025,6,3343.39,STORE012
363,808,474,01-02-2025,1,1025.94,STORE009
364,484,473,18-07-2025,2,4077.07,STORE019
365,943,35,27-06-2025,3,4771.39,STORE024
366,1902,445,17-02-2025,1,3899.15,STORE021
367,1596,475,28-10-2025,6,3326.76,STORE003
368,979,142,01-12-2025,9,980.4,STORE020
369,1868,3,23-10-2025,7,4961.05,STORE003
370,1216,256,17-02-2025,10,4837.72,STORE005
371,1297,78,19-03-2025,2,1052.08,STORE004
372,1893,,24-08-2025,7,2343.43,STORE022
373,1241,395,11-12-2025,2,597.35,STORE013
374,266,468,15-13-2025,1,622.36,STORE024
375,1356,381,28-09-2025,8,4663.36,STORE007
376,1530,374,20-04-2025,1,1482.19,STORE007
377,691,107,02-10-2025,1,3308.48,STORE015
378,1363,416,04-06-2025,9,536.08,STORE025
379,361,52,16-02-2025,5,133.09,STORE018
380,1281,269,13-03-2025,6,4302.02,STORE019
381,276,77,02-11-2025,5,1890.37,STORE001
382,1212,100,25-12-2025,6,4972.94,STORE012
383,1720,405,03-02-2025,1,4030.7,STORE007
384,1166,306,26-06-2025,3,3900.51,STORE019
385,35,398,19-02-2025,-4,4845.05,STORE004
386,869,479,03-07-2025,9,1646.66,STORE012
387,1562,474,08-03-2025,4,4234.78,STORE009
388,1819,381,21-03-2025,1,721.41,STORE016
389,866,64,05-07-2025,10,826.53,STORE008
390,570,31,27-03-2025,10,3104.74,STORE015
391,1975,44,09-08-2025,7,4312.58,STORE001
392,267,65,25-05-2025,9,3257.47,STORE004
393,535,488,23-03-2025,1,1124.75,STORE023
394,67,128,31-01-2025,2,103.96,STORE012
395,831,490,12-09-2025,10,4572.75,STORE021
396,867,458,07-06-2025,10,343.11,STORE015
397,1595,179,10-07-2025,5,2137.35,STORE006
398,515,246,24-02-2025,3,4187.12,STORE009
399,6,57,23-01-2025,9,315.8,STORE004
400,1054,63,20-01-2025,4,152.69,STORE024
401,1135,118,21-02-2025,8,2005.22,STORE025
402,1002,83,05-08-2025,9,232.26,STORE001
403,1664,373,10-12-2025,6,2249.85,STORE005
404,1779,999999,25-02-2025,6,3527.43,STORE015
405,87,210,20-08-2025,2,1247.58,STORE015
406,681,41,25-01-2025,5,1818.38,STORE017
407,,154,13-04-2025,7,891.4,STORE023
408,1158,223,04-04-2025,6,2667.82,STORE017
409,916,,27-12-2025,7,2988.88,STORE016
410,1150,3,20-06-2025,4,4998.8,STORE025
411,825,81,14-08-2025,5,4194.89,STORE013
412,305,41,30-06-2025,10,339.09,STORE008
413,1433,438,01-09-2025,1,179.78,STORE009
414,872,52,09-06-2025,6,3141.65,STORE001
415,1629,60,26-01-2025,8,2950.8,STORE022
416,1872,130,20-01-2025,1,3750.13,STORE009
417,1114,394,10-10-2025,2,4106.33,STORE019
418,1758,363,20-11-2025,5,2879.36,STORE011
419,1450,34,12-06-2025,3,230.64,STORE020
420,78,414,29-10-2025,5,3239.99,STORE020
421,1904,468,22-07-2025,10,2655.36,STORE016
422,1328,34,12-04-2025,8,2959.78,
423,783,309,12-10-2025,5,528.24,STORE013
424,305,111,06-09-2025,5,4763.68,STORE016
425,546,999999,30-04-2025,3,3815.73,STORE014
426,1372,303,01-11-2025,5,2922.66,STORE004
427,914,414,08-01-2025,2,3563.2,
428,999999,490,05-12-2025,3,151.01,STORE015
429,1679,463,32-01-2025,3,546.34,STORE014
430,1292,412,05-12-2025,5,493.49,STORE018
431,1637,43,01-05-2025,6,3428.04,STORE025
432,1051,305,16-09-2025,10,2253.93,STORE005
433,172,500,16-08-2025,1,3660.16,STORE018
434,1204,494,29-05-2025,9,172.07,STORE003
435,1901,205,14-05-2025,5,2684.82,STORE006
436,925,485,02-07-2025,9,2575.46,STORE008
437,902,498,17-09-2025,6,2199.59,STORE001
438,127,416,14-01-2025,5,2709.67,STORE014
439,970,342,17-02-2025,3,4213.75,STORE013
440,614,305,45-07-2025,2,3827.76,STORE022
441,1382,419,30-10-2025,5,3961.49,STORE020
442,1147,463,16-09-2025,3,2327.53,STORE025
443,1932,344,02-09-2025,1,1350.33,STORE019
444,1462,61,13-05-2025,2,3954.78,
445,91,254,10-10-2025,4,901.61,STORE010
446,1656,354,11-10-2025,9,1136.17,STORE024
447,220,399,24-08-2025,10,3993.36,STORE022
448,816,94,30-05-2025,1,4426.14,STORE014
449,580,428,09-11-2025,7,1930.98,STORE008
450,1917,314,08-08-2025,1,1342.91,STORE017
451,133,228,06-01-2025,3,2812.95,STORE004
452,328,478,02-07-2025,10,3805.05,STORE021
453,1112,280,06-03-2025,1,2522.61,STORE019
454,1595,114,17-05-2025,9,2012.65,STORE023
455,1258,22,12-08-2025,3,4925.36,STORE013
456,1542,,16-08-2025,10,2887.24,STORE014
457,183,154,07-02-2025,4,4993.58,STORE004
458,1550,372,08-05-2025,6,3312.68,STORE020
459,335,421,15-04-2025,7,557.64,STORE007
460,835,458,01-01-2025,6,-949.17,STORE008
461,658,285,19-09-2025,2,2015.03,STORE025
462,45,466,26-03-2025,6,4534.02,STORE009
463,1015,75,15-05-2025,2,3089.07,STORE014
464,65,447,09-04-2025,5,1382.53,STORE019
465,1731,999999,29-08-2025,8,4484.95,STORE024
466,260,359,13-05-2025,10,2700.44,STORE025
467,86,280,05-10-2025,1,4334.17,STORE015
468,298,50,20-05-2025,2,2225.4,STORE014
469,215,404,26-04-2025,6,3120.29,STORE013
470,1940,136,07-10-2025,7,3090.01,STORE018
471,1875,128,24-12-2025,10,1991.22,STORE020
472,639,477,17-09-2025,7,2844.76,STORE023
473,185,168,24-06-2025,10,1320.87,STORE011
474,101,57,05-03-2025,10,691.14,STORE020
475,120,433,18-12-2025,8,4973.53,STORE008
476,782,456,22-12-2025,1,1769.28,STORE003
477,866,350,01-02-2025,4,4165.97,STORE018
478,1138,414,22-07-2025,4,2117.82,STORE008
479,1453,332,06-03-2025,2,2583.05,STORE009
480,1228,29,14-07-2025,8,58.24,STORE001
481,1334,294,04-06-2025,3,1507.59,STORE019
482,97,151,12-07-2025,7,3418.39,STORE009
483,1517,442,13-10-2025,10,2185.84,STORE016
484,670,405,12-08-2025,5,825.91,STORE010
485,1772,187,08-09-2025,8,1712.79,STORE001
486,1603,488,07-06-2025,6,4824.49,STORE007
487,1650,312,15-01-2025,7,671.66,STORE012
488,829,449,15-07-2025,3,4274.36,STORE006
489,690,359,29-05-2025,1,559.83,STORE021
490,1246,178,28-04-2025,1,65.6,STORE022
491,1753,96,02-03-2025,3,777.74,STORE006
492,1635,232,08-08-2025,8,3475.87,STORE016
493,276,392,15-13-2025,10,355.31,STORE001
494,1453,52,17-02-2025,6,4555.38,STORE017
495,515,274,22-09-2025,7,4967.0,STORE001
496,1100,8,25-02-2025,8,2952.27,STORE013
497,1013,287,07-03-2025,4,4375.6,STORE006
498,1808,483,03-07-2025,8,4655.01,STORE001
499,560,229,11-03-2025,7,3966.79,STORE006
500,871,39,17-03-2025,2,4599.22,STORE002
501,515,118,03-09-2025,6,1155.32,STORE012
502,1495,198,30-09-2025,1,2316.8,STORE012
503,1302,87,08-07-2025,5,4740.98,STORE006
504,253,344,13-10-2025,4,2527.24,STORE009
505,1541,487,18-05-2025,1,176.55,STORE014
506,1337,189,27-05-2025,8,1705.93,STORE005
507,999999,451,09-02-2025,2,716.92,STORE007
508,585,395,03-10-2025,10,3831.44,STORE024
509,1398,482,14-11-2025,2,2264.74,STORE025
510,423,125,07-12-2025,5,3232.42,STORE022
511,1003,87,16-01-2025,4,4340.7,STORE018
512,1404,87,07-02-2025,8,1781.08,STORE001
513,125,411,04-02-2025,10,3924.51,STORE008
514,523,169,22-11-2025,4,185.34,STORE020
515,471,167,07-10-2025,9,4152.12,STORE009
516,470,170,28-04-2025,5,78.84,STORE023
517,1517,54,21-09-2025,2,3581.47,STORE013
518,1035,147,21-09-2025,2,4215.95,STORE012
519,572,999999,11-05-2025,6,1323.03,STORE014
520,431,420,01-10-2025,6,3448.4,STORE016
521,446,231,27-12-2025,9,553.62,STORE021
522,1548,999999,09-12-2025,6,1219.8,STORE020
523,935,492,15-09-2025,9,3312.13,STORE018
524,1647,319,18-10-2025,10,2139.41,STORE019
525,1591,80,20-12-2025,10,323.39,STORE011
526,1440,69,03-09-2025,2,1385.72,STORE015
527,520,193,30-04-2025,1,4054.91,STORE024
528,1107,383,15-07-2025,5,891.65,STORE005
529,1704,286,29-11-2025,4,2970.12,STORE006
530,488,291,22-02-2025,3,4879.41,STORE021
531,1024,16,20-07-2025,3,4719.63,STORE019
532,354,265,21-09-2025,1,3564.22,STORE018
533,344,75,32-01-2025,1,4084.75,STORE001
534,34,33,21-12-2025,9,1941.98,STORE014
535,93,466,16-01-2025,9,4209.55,STORE020
536,1144,,13-12-2025,8,3580.03,STORE004
537,1675,152,07-04-2025,6,1930.91,STORE003
538,1879,371,01-05-2025,9,1461.03,STORE011
539,1314,484,13-02-2025,10,2561.47,STORE002
540,566,216,09-10-2025,3,991.04,STORE010
541,1206,162,13-12-2025,2,193.65,STORE007
542,35,235,26-07-2025,3,37.47,STORE009
543,1951,381,29-10-2025,7,2198.92,STORE003
544,1850,353,24-01-2025,7,2175.6,STORE022
545,551,48,07-02-2025,1,4526.84,STORE013
546,613,445,14-02-2025,2,3526.32,STORE008
547,4,414,17-08-2025,9,1633.18,STORE013
547,1890,470,30-10-2025,5,3866.68,STORE016
549,31,189,15-10-2025,4,2160.88,STORE018
550,1135,73,13-07-2025,9,3633.57,STORE019
551,327,199,07-11-2025,8,3928.86,STORE017
552,888,999999,12-10-2025,9,4490.58,STORE019
553,1397,339,25-11-2025,8,3912.31,STORE003
554,760,412,30-10-2025,7,919.44,STORE015
555,1167,,13-07-2025,1,3472.2,STORE008
556,272,221,26-12-2025,6,2283.67,STORE021
557,1145,426,06-04-2025,7,93.17,STORE003
558,12,390,20-10-2025,6,4673.93,STORE003
559,740,172,19-09-2025,6,4858.15,STORE004
560,936,149,28-12-2025,2,3361.4,STORE005
561,789,309,05-04-2025,2,500.93,STORE022
562,1321,283,16-03-2025,5,477.67,STORE023
563,1926,71,12-08-2025,5,901.59,STORE005
564,978,172,20-09-2025,10,390.75,STORE002
565,1806,999999,16-05-2025,6,1346.68,STORE005
566,710,349,31-05-2025,6,2440.81,STORE002
567,1597,259,06-03-2025,1,4227.71,""
568,1018,426,01-01-2025,10,109.95,
569,450,474,27-12-2025,6,2061.84,STORE002
570,433,424,11-03-2025,5,4241.14,STORE016
571,1031,84,14-10-2025,10,1653.93,STORE024
572,574,3,30-01-2025,2,2437.66,STORE021
573,1673,265,04-04-2025,3,3450.46,STORE023
574,185,70,03-08-2025,2,1959.64,STORE018
575,1628,396,11-07-2025,1,2417.72,STORE002
576,1932,288,25-11-2025,1,475.5,STORE019
577,3,313,02-04-2025,8,4431.82,STORE004
578,1346,45,11-06-2025,3,2148.47,STORE024
579,,186,27-04-2025,8,285.14,STORE019
580,999999,237,06-02-2025,7,2976.37,STORE022
581,526,464,25-12-2025,2,4388.74,STORE019
581,1151,365,17-06-2025,5,1150.48,STORE021
583,1069,240,31-07-2025,10,2785.56,STORE007
584,845,177,09-03-2025,10,1300.31,STORE016
585,847,429,15-02-2025,10,3969.3,STORE017
586,972,104,09-06-2025,9,431.56,STORE025
587,145,19,13-05-2025,6,246.11,STORE012
588,1360,313,26-07-2025,4,3429.32,STORE003
589,608,110,04-07-2025,8,1295.05,STORE025
590,496,173,19-03-2025,7,2659.1,STORE013
591,1118,223,20-01-2025,7,2250.07,STORE019
592,1470,129,03-06-2025,9,2526.83,STORE018
593,363,163,27-04-2025,7,4607.26,STORE021
594,999999,208,12-03-2025,9,256.22,STORE011
595,1899,142,27-12-2025,1,1979.5,STORE015
596,,41,06-07-2025,7,814.09,STORE019
597,999999,18,04-10-2025,6,4513.52,STORE011
598,1289,359,08-06-2025,-1,3337.09,STORE020
599,205,487,12-02-2025,2,2324.24,STORE017
600,195,308,18-12-2025,1,728.77,STORE010
601,,350,19-07-2025,1,3439.95,STORE006
602,832,368,14-11-2025,6,4598.5,STORE011
603,1910,138,24-12-2025,2,3419.29,STORE001
604,1366,70,04-04-2025,8,4507.56,STORE019
605,1971,31,06-01-2025,3,4302.46,STORE025
606,1883,26,10-02-2025,6,572.75,STORE007
607,1906,94,27-06-2025,10,1312.96,STORE021
608,999999,17,13-08-2025,5,238.25,STORE016
609,1443,98,08-03-2025,8,2982.9,STORE002
610,1451,381,30-10-2025,6,3226.69,STORE008
611,1699,34,25-01-2025,1,4913.18,STORE010
612,1274,111,05-06-2025,1,-1032.25,STORE019
613,714,65,17-01-2025,4,2153.47,STORE017
614,1992,390,26-05-2025,2,378.6,STORE010
615,1864,49,24-04-2025,6,4404.89,STORE020
616,1966,280,03-07-2025,6,3804.63,STORE008
617,,291,24-06-2025,3,247.61,STORE013
618,835,494,07-09-2025,10,4704.04,STORE001
619,815,293,08-08-2025,9,312.77,STORE018
620,900,245,15-05-2025,1,3895.9,STORE008
621,1026,137,22-12-2025,3,3588.95,STORE007
622,1168,435,28-05-2025,5,2913.64,STORE012
623,43,2,21-07-2025,8,2303.21,STORE025
624,322,172,17-06-2025,1,1105.47,STORE021
625,23,38,10-09-2025,4,4927.13,STORE011
626,1841,201,05-04-2025,5,546.72,STORE018
627,1193,32,18-11-2025,3,3314.23,STORE019
628,,113,24-04-2025,5,1668.53,STORE004
629,1171,21,26-11-2025,7,4197.87,STORE002
630,12,327,04-10-2025,9,4569.35,STORE017
631,29,78,01-03-2025,2,1932.45,STORE015
632,279,316,04-01-2025,5,4484.0,STORE011
633,1892,467,22-08-2025,6,3776.1,STORE019
633,1113,231,15-06-2025,10,4306.3,STORE003
635,1580,217,09-06-2025,3,1988.3,STORE008
636,493,215,10-12-2025,3,3990.75,""
637,725,267,06-04-2025,2,1294.06,STORE015
638,1424,306,06-03-2025,1,4538.51,""
639,1725,83,26-04-2025,9,50.47,STORE007
640,1961,999999,20-02-2025,10,3633.27,STORE006
641,1610,64,25-09-2025,10,4551.11,""
642,1159,49,11-08-2025,2,3868.56,STORE017
643,1097,191,20-06-2025,9,2761.99,STORE024
644,641,999999,26-08-2025,8,854.05,STORE023
645,1059,23,29-12-2025,1,3757.05,STORE025
646,485,246,01-10-2025,10,4293.24,STORE003
647,769,312,21-03-2025,9,4544.9,STORE016
648,1646,261,22-05-2025,6,4808.0,STORE010
649,1347,50,21-09-2025,3,857.24,STORE025
650,3,28,01-04-2025,9,1084.48,STORE010
651,1281,,28-04-2025,3,3319.18,STORE005
652,569,999999,07-09-2025,5,3281.07,STORE024
653,1532,57,03-02-2025,7,4870.21,STORE012
654,1456,101,25-12-2025,1,3372.17,STORE024
655,27,66,19-01-2025,4,4893.8,STORE009
656,1426,77,23-04-2025,3,670.31,STORE015
657,1742,477,32-01-2025,2,1233.62,STORE023
658,,172,25-01-2025,7,1282.26,STORE007
659,706,367,01-11-2025,4,4675.82,STORE015
660,729,,27-10-2025,2,3063.3,STORE008
661,1401,12,30-11-2025,3,4953.53,STORE003
662,1810,417,18-12-2025,2,2358.99,STORE013
663,84,441,23-03-2025,10,3750.39,STORE017
664,1934,403,15-01-2025,5,1254.75,STORE024
665,566,35,14-11-2025,7,1971.57,STORE005
666,1642,445,14-04-2025,2,2110.6,STORE001
667,752,208,13-10-2025,6,4844.82,STORE014
668,1859,202,24-08-2025,1,1928.16,STORE023
669,314,44,20-10-2025,9,4024.83,STORE012
670,621,298,27-05-2025,5,1516.51,STORE002
671,884,201,11-04-2025,5,3031.2,STORE007
672,1163,214,26-06-2025,1,1525.46,STORE020
673,930,98,08-03-2025,3,1938.99,STORE014
674,241,46,01-06-2025,3,1293.52,STORE014
675,1884,425,25-06-2025,9,3483.22,STORE009
676,208,348,21-09-2025,9,3188.44,STORE002
677,1010,486,01-11-2025,10,508.47,STORE020
677,303,328,03-05-2025,5,4539.05,STORE023
679,1170,350,14-07-2025,5,1118.6,STORE018
680,491,455,10-03-2025,5,4737.23,STORE006
681,1366,30,06-07-2025,9,1194.53,STORE008
682,415,487,18-01-2025,4,406.19,STORE023
683,1738,343,28-09-2025,8,2040.23,STORE012
684,547,190,28-08-2025,7,4582.37,STORE019
685,1023,170,21-08-2025,7,2942.4,STORE024
686,550,370,22-11-2025,6,4736.01,STORE012
687,895,190,16-10-2025,8,4955.82,STORE009
688,1908,373,01-11-2025,9,1923.89,STORE003
689,1856,144,06-03-2025,2,901.87,STORE010
690,1097,358,05-01-2025,10,1673.56,STORE020
691,628,261,14-02-2025,6,943.12,STORE013
692,662,403,10-07-2025,10,1918.81,STORE010
693,373,58,03-05-2025,1,2276.94,""
694,1592,368,29-10-2025,2,-1343.16,STORE013
695,108,342,16-05-2025,9,2925.94,STORE008
696,323,482,01-08-2025,2,1518.97,STORE011
697,438,368,29-01-2025,8,2841.52,STORE008
698,938,116,23-02-2025,1,169.34,STORE021
699,250,254,29-09-2025,6,4600.37,STORE005
700,163,189,09-10-2025,8,480.04,STORE018
701,321,108,05-07-2025,5,3700.84,STORE006
702,1856,259,24-08-2025,5,1349.96,STORE022
703,1391,256,25-01-2025,2,2496.16,STORE021
704,1782,332,13-12-2025,1,3463.67,STORE014
705,1793,380,17-03-2025,4,4526.59,STORE015
706,1183,221,24-07-2025,6,2045.55,STORE007
707,229,143,01-02-2025,1,4626.5,STORE021
708,1670,79,13-08-2025,9,333.15,STORE012
709,1064,338,24-01-2025,1,146.08,STORE005
710,1398,92,07-03-2025,2,1559.76,STORE011
711,1735,485,10-04-2025,2,2138.6,STORE020
712,1982,294,21-12-2025,2,3850.81,STORE007
713,1084,413,18-11-2025,2,2482.0,STORE006
714,407,63,12-04-2025,7,3119.72,STORE012
715,1062,398,20-07-2025,3,4534.29,STORE001
716,382,295,20-11-2025,8,3924.78,""
717,999999,316,30-06-2025,4,4549.53,STORE005
718,465,359,12-11-2025,4,4470.23,STORE020
719,3,148,06-07-2025,8,3462.13,STORE008
720,462,67,27-04-2025,7,2145.57,STORE017
721,72,241,23-07-2025,2,4538.84,STORE018
722,94,262,06-04-2025,7,3043.53,STORE004
723,1653,82,13-04-2025,7,212.1,STORE001
724,320,203,21-02-2025,6,3231.13,STORE018
725,1972,286,14-12-2025,9,3167.96,STORE006
726,1974,440,10-09-2025,7,4616.75,STORE025
727,1761,133,26-07-2025,8,1017.51,STORE015
728,269,75,32-01-2025,4,4911.12,STORE005
729,1300,55,08-11-2025,5,1283.71,STORE005
730,1373,440,17-10-2025,3,3592.43,STORE022
731,1293,441,05-04-2025,3,3676.58,STORE012
732,773,94,13-11-2025,6,1071.1,
733,497,,22-11-2025,8,4325.18,STORE008
734,1089,29,20-05-2025,7,3424.7,STORE016
735,1696,121,04-01-2025,8,3351.63,STORE008
736,1946,157,04-03-2025,9,1633.32,STORE001
737,147,113,17-07-2025,3,2018.44,STORE002
738,588,340,24-07-2025,4,2863.13,STORE024
739,749,198,02-02-2025,6,3657.88,""
740,515,,07-02-2025,3,4685.18,STORE022
741,877,369,18-05-2025,2,405.92,STORE025
742,701,169,08-08-2025,5,104.2,
743,1214,109,30-10-2025,6,2265.28,STORE016
744,379,31,02-09-2025,1,4059.79,STORE001
745,891,500,23-03-2025,1,374.18,STORE021
746,279,374,05-12-2025,2,765.36,STORE003
747,1171,125,09-08-2025,10,2029.6,STORE018
748,930,208,19-01-2025,10,4775.36,STORE016
749,338,219,09-09-2025,8,1171.99,STORE020
750,380,68,13-08-2025,7,3381.25,STORE001
751,695,357,23-10-2025,9,2683.13,STORE016
752,861,181,02-05-2025,4,4704.71,STORE022
753,1876,358,21-12-2025,5,1031.02,
754,674,159,07-04-2025,1,4769.99,STORE022
755,1185,,21-06-2025,3,1181.21,STORE005
756,1201,36,30-06-2025,1,3877.49,STORE016
757,558,145,16-10-2025,8,4001.71,STORE010
758,1457,26,01-01-2025,3,2115.91,STORE018
759,628,159,06-10-2025,7,2492.13,STORE010
760,1215,231,08-06-2025,2,2110.55,STORE007
761,712,219,20-12-2025,1,1299.52,
762,501,181,11-06-2025,4,2361.89,STORE002
763,791,500,20-05-2025,10,2144.59,STORE006
764,904,41,26-02-2025,10,3257.37,STORE005
765,779,115,14-06-2025,4,266.74,STORE012
766,1473,5,02-04-2025,6,1761.83,STORE006
767,948,212,12-12-2025,4,2144.3,STORE008
768,1748,161,11-11-2025,5,4582.5,STORE020
769,1722,292,21-06-2025,10,1979.49,STORE010
770,891,127,02-06-2025,6,3773.52,STORE010
771,630,364,12-05-2025,2,3962.7,STORE010
772,811,292,05-11-2025,10,1238.05,STORE020
773,1446,484,13-05-2025,5,2900.03,STORE010
774,1805,139,29-07-2025,5,105.54,STORE025
775,1347,359,15-10-2025,3,747.6,STORE002
776,1026,216,07-03-2025,10,3620.29,STORE024
777,1179,343,32-01-2025,9,2921.53,STORE009
778,999999,5,20-10-2025,8,662.86,STORE023
779,1560,23,03-09-2025,6,1520.77,STORE017
780,588,323,30-12-2025,7,1865.31,STORE016
781,271,440,06-03-2025,1,1237.28,STORE002
782,1161,222,05-06-2025,7,4645.92,STORE005
783,458,291,28-01-2025,1,724.35,STORE024
784,219,70,28-02-2025,4,3674.52,STORE015
784,806,443,02-07-2025,9,3540.75,STORE013
786,691,322,13-12-2025,8,4819.93,STORE018
787,1989,413,10-02-2025,10,3055.23,STORE003
788,739,283,02-06-2025,4,1311.69,STORE011
789,454,44,07-02-2025,4,4674.05,STORE018
790,1813,105,32-01-2025,3,968.66,STORE014
791,1758,128,10-04-2025,5,2298.45,STORE006
792,426,336,25-02-2025,1,1520.26,STORE022
793,1187,213,16-09-2025,7,3911.53,STORE018
794,67,283,30-11-2025,6,3559.56,STORE005
795,999999,196,26-10-2025,1,781.89,STORE021
796,898,456,27-05-2025,2,2339.76,STORE007
797,619,107,13-06-2025,1,792.73,STORE018
798,1710,188,25-01-2025,3,826.7,STORE018
799,575,217,20-07-2025,6,922.25,STORE025
800,1787,386,23-03-2025,4,1021.19,STORE017
801,1278,407,30-04-2025,1,698.74,STORE005
802,1175,56,21-04-2025,-4,4391.52,STORE008
803,520,210,28-08-2025,8,357.25,
804,999999,234,06-07-2025,1,2198.95,STORE014
805,1249,313,27-06-2025,6,-1260.63,STORE024
806,1315,190,18-04-2025,1,409.64,STORE006
807,1505,298,12-10-2025,5,4084.0,STORE006
808,444,139,09-03-2025,1,652.74,STORE010
809,1939,498,99-99-2025,1,472.52,STORE023
810,600,27,11-07-2025,1,2207.95,STORE024
811,1703,133,05-12-2025,9,2323.6,STORE025
812,1704,470,01-09-2025,8,1619.15,STORE009
813,1275,403,04-11-2025,3,4629.78,STORE002
814,999999,278,27-04-2025,9,4364.54,STORE015
815,1289,76,23-06-2025,9,4363.61,""
816,1227,21,27-10-2025,6,1938.68,STORE025
817,1460,131,17-09-2025,3,4736.83,STORE016
818,385,,21-10-2025,2,3976.26,STORE004
819,97,62,29-09-2025,8,4830.73,STORE002
820,710,353,11-10-2025,7,4040.57,STORE024
821,1372,470,07-02-2025,8,4278.19,STORE016
821,74,409,19-11-2025,4,2999.36,STORE012
823,1265,129,22-12-2025,6,907.45,STORE011
824,999999,392,26-02-2025,8,528.08,STORE006
825,,199,11-05-2025,4,1117.15,STORE015
826,739,439,29-05-2025,3,738.82,""
827,1404,416,14-05-2025,10,4397.77,STORE013
828,394,466,10-04-2025,1,3467.93,STORE007
829,594,151,04-06-2025,8,4388.5,STORE001
830,999999,266,13-09-2025,9,3004.12,STORE011
831,43,412,27-03-2025,1,4303.7,STORE020
832,1569,260,17-12-2025,6,375.43,STORE025
833,389,404,16-12-2025,8,2494.24,STORE020
834,373,204,07-08-2025,4,816.59,STORE020
835,849,120,18-05-2025,3,2272.71,STORE016
836,1628,88,23-03-2025,6,2844.85,STORE001
837,1815,205,28-06-2025,9,436.9,""
838,1173,372,22-03-2025,3,2970.8,
839,448,22,19-03-2025,10,1602.38,STORE025
840,1192,206,30-04-2025,7,1236.93,STORE022
841,316,331,29-07-2025,3,4136.81,STORE024
842,1565,489,03-04-2025,1,2168.69,STORE003
843,531,320,21-09-2025,1,3238.61,STORE018
844,399,105,24-02-2025,4,3280.41,STORE025
845,90,140,21-10-2025,9,4261.3,STORE008
846,322,33,32-01-2025,2,900.37,STORE005
847,763,384,01-06-2025,9,3320.48,STORE004
848,1103,79,11-08-2025,9,2097.44,STORE016
849,611,458,05-01-2025,2,3822.61,STORE004
850,537,285,03-10-2025,1,1959.53,STORE010
851,1715,999999,11-12-2025,1,232.05,STORE013
852,1876,478,12-09-2025,8,3198.64,STORE016
853,643,267,17-06-2025,7,3196.27,STORE010
854,818,384,09-06-2025,2,-2987.05,STORE024
855,1349,93,27-02-2025,10,721.73,STORE014
856,367,39,09-04-2025,3,-105.2,STORE023
857,335,314,10-05-2025,9,1100.45,STORE004
858,995,481,19-09-2025,10,3866.98,STORE023
859,185,242,11-11-2025,8,784.05,STORE025
860,1249,305,99-99-2025,5,2885.33,STORE017
861,228,377,09-10-2025,1,303.93,STORE014
862,43,378,19-12-2025,-3,3537.03,STORE002
863,1532,,04-10-2025,6,983.09,STORE013
864,8,165,20-11-2025,1,1646.65,STORE006
865,1816,272,01-05-2025,9,3554.73,STORE012
866,332,474,02-08-2025,10,871.16,STORE025
867,1253,32,31-01-2025,8,2002.58,STORE023
868,1685,235,12-08-2025,4,4291.82,STORE006
869,1822,106,14-09-2025,10,4466.93,STORE022
870,1966,105,20-04-2025,8,2049.4,""
871,1301,59,20-11-2025,9,4566.99,STORE025
872,825,91,23-07-2025,8,541.68,STORE014
873,1977,999999,25-02-2025,1,4866.27,STORE007
874,1621,999999,13-04-2025,4,3590.14,STORE005
875,1740,261,25-04-2025,6,4490.6,STORE015
876,1492,439,02-02-2025,9,2394.82,STORE023
877,1508,482,25-12-2025,1,2042.18,STORE016
878,195,334,23-01-2025,7,3782.48,STORE024
879,1192,86,04-01-2025,9,2622.78,STORE021
880,507,395,08-02-2025,10,654.63,STORE020
881,840,60,24-08-2025,9,3480.07,STORE012
882,859,297,01-10-2025,4,2714.27,STORE010
883,1019,92,12-12-2025,1,4953.57,
884,772,189,23-12-2025,7,2678.66,""
885,1178,425,18-02-2025,3,1631.89,STORE007
886,1039,304,17-10-2025,3,1730.27,STORE008
887,1375,223,18-11-2025,1,3824.7,STORE024
888,280,297,08-11-2025,1,2236.36,STORE021
889,999999,317,30-07-2025,7,2959.52,STORE010
890,1176,317,22-07-2025,8,127.54,STORE001
891,1220,235,07-06-2025,8,1289.45,STORE012
891,1743,293,26-05-2025,7,1393.48,STORE017
893,1643,259,04-06-2025,2,2066.55,STORE008
894,939,266,19-11-2025,6,1047.16,STORE024
895,1656,274,24-02-2025,7,1478.98,STORE019
896,544,149,11-06-2025,1,3965.83,STORE006
897,,413,21-07-2025,1,1646.8,STORE006
898,336,205,13-03-2025,8,214.64,STORE013
899,1233,462,01-02-2025,1,4202.54,STORE006
900,1708,999999,03-07-2025,9,539.79,STORE008
901,1174,285,08-04-2025,1,1662.8,STORE010
902,1108,283,02-05-2025,10,2983.12,STORE016
903,999999,381,24-02-2025,9,1751.21,STORE008
904,1615,190,07-01-2025,1,23.15,STORE002
905,1475,200,14-12-2025,7,527.08,STORE025
906,1322,105,09-01-2025,6,1949.26,STORE004
907,1572,290,09-04-2025,8,4894.16,STORE022
908,603,222,18-08-2025,10,277.9,STORE025
909,1477,468,10-01-2025,2,2663.48,STORE006
910,1317,412,18-01-2025,1,582.73,STORE025
911,763,455,19-12-2025,2,257.08,STORE009
912,621,487,10-05-2025,3,3015.24,STORE002
913,562,341,25-06-2025,7,2801.96,STORE013
914,767,85,04-06-2025,1,1901.59,""
915,1865,177,09-11-2025,10,2192.22,
916,1574,92,05-04-2025,3,641.92,STORE001
917,442,478,22-11-2025,5,2209.09,STORE001
918,630,246,19-07-2025,5,2715.1,STORE022
919,763,306,25-04-2025,-10,2196.63,STORE006
920,1095,116,10-06-2025,1,2455.71,STORE003
921,589,171,28-06-2025,4,526.1,STORE023
922,1843,306,32-01-2025,1,3710.29,STORE013
923,1906,445,04-02-2025,8,1199.41,STORE025
924,1298,497,26-08-2025,8,802.12,STORE025
925,1316,280,07-05-2025,10,1745.6,STORE011
926,658,284,16-06-2025,3,921.1,STORE022
927,1396,,27-06-2025,3,3569.76,STORE011
928,1029,168,08-09-2025,6,3082.44,""
929,999999,27,28-09-2025,1,1829.1,STORE020
930,931,158,18-05-2025,8,1167.0,STORE012
931,731,396,14-03-2025,5,2203.03,STORE017
931,1748,375,01-06-2025,2,4169.67,STORE015
933,615,360,20-10-2025,8,1013.21,STORE010
934,1236,105,19-01-2025,6,1172.21,STORE017
935,456,100,05-03-2025,9,1104.51,STORE003
936,141,353,13-04-2025,4,4130.98,STORE017
937,374,219,20-01-2025,9,2382.68,STORE018
938,1664,468,13-10-2025,2,1776.08,STORE006
939,974,,05-01-2025,5,4139.51,STORE014
940,642,93,04-03-2025,8,3463.72,STORE014
941,1354,999999,17-06-2025,4,2423.5,STORE017
942,1157,443,24-02-2025,6,-2135.78,STORE016
943,1781,196,12-09-2025,2,3681.4,STORE015
944,1912,84,31-10-2025,7,2952.47,STORE003
945,460,108,22-07-2025,3,2946.55,STORE019
945,771,323,09-08-2025,5,4858.91,STORE011
947,1178,300,15-01-2025,1,578.58,STORE018
948,697,246,27-04-2025,10,104.47,STORE008
949,1401,363,24-06-2025,3,494.09,STORE003
950,839,340,25-09-2025,5,4524.92,STORE006
951,799,142,21-09-2025,9,1501.75,STORE025
952,1720,344,11-11-2025,8,2922.54,""
953,1688,397,09-09-2025,6,3182.85,STORE019
954,1065,,23-09-2025,2,4216.08,STORE002
955,904,382,26-10-2025,8,3661.02,STORE020
956,1357,434,20-11-2025,2,4103.61,STORE010
957,385,328,08-11-2025,8,4495.59,""
958,1538,298,28-09-2025,5,4581.2,STORE009
959,1661,51,17-05-2025,4,2138.76,STORE025
960,1072,201,25-09-2025,2,433.34,STORE024
961,61,108,28-09-2025,9,1721.76,STORE014
962,234,397,11-02-2025,10,1243.89,STORE016
963,164,141,22-06-2025,10,76.56,STORE001
964,1265,337,21-10-2025,3,4170.3,STORE015
965,97,190,11-06-2025,3,2810.16,STORE014
966,1199,107,24-04-2025,6,465.36,STORE022
967,1034,276,11-01-2025,8,4806.7,STORE001
968,1370,164,10-04-2025,3,3373.21,STORE001
969,249,999999,22-10-2025,4,3940.58,STORE003
970,258,437,21-10-2025,8,1550.72,STORE021
971,716,63,05-05-2025,7,230.47,STORE002
972,672,424,01-10-2025,2,-4280.81,STORE023
973,672,32,11-03-2025,5,1076.64,STORE015
974,143,464,25-06-2025,9,2491.02,STORE013
975,287,469,14-08-2025,2,1100.82,STORE012
976,1228,206,18-10-2025,4,1060.75,STORE008
977,124,361,04-01-2025,6,2731.87,STORE025
978,882,47,07-07-2025,5,2262.81,""
979,1763,198,12-07-2025,4,2932.22,""
980,1618,450,01-03-2025,2,1911.56,STORE008
981,1391,315,22-01-2025,3,4194.83,STORE008
982,373,234,15-01-2025,3,2732.62,STORE014
983,1332,194,29-07-2025,1,1728.71,STORE008
984,1068,43,13-07-2025,5,1297.0,STORE023
985,157,18,23-02-2025,10,4995.9,STORE015
986,663,325,15-04-2025,6,2686.36,STORE021
987,839,999999,16-05-2025,1,4877.06,STORE004
988,1120,1,11-03-2025,8,4901.04,STORE001
989,997,215,17-04-2025,7,688.92,STORE017
990,540,325,13-05-2025,5,2277.37,STORE017
991,471,304,12-06-2025,4,4634.29,STORE019
992,1633,23,03-08-2025,8,2022.62,STORE023
993,1879,338,07-11-2025,1,2856.95,STORE006
994,1564,440,23-05-2025,10,2555.55,STORE025
995,656,387,29-06-2025,2,4281.28,STORE008
996,1571,169,03-10-2025,8,-696.21,STORE016
997,1820,101,11-01-2025,7,4034.1,STORE018
998,1616,55,16-07-2025,5,3882.79,STORE025
999,416,157,17-04-2025,10,2529.31,STORE017
1000,1039,253,16-04-2025,9,2360.07,STORE021
1001,1970,263,24-04-2025,4,1087.96,STORE010
1002,921,8,09-05-2025,2,1178.09,STORE001
1003,1276,468,27-02-2025,6,981.15,STORE021
1004,1986,12,06-04-2025,9,656.03,STORE005
1005,1613,86,21-01-2025,5,357.74,STORE006
1006,477,458,13-02-2025,10,193.55,STORE021
1007,999999,69,04-01-2025,5,3794.65,STORE003
1008,1413,303,27-12-2025,5,516.53,""
1009,1600,123,10-10-2025,2,316.3,STORE016
1010,634,51,21-11-2025,3,738.11,STORE009
1011,954,15,28-10-2025,9,2383.85,STORE024
1012,524,444,22-10-2025,7,1039.34,STORE006
1013,1016,432,02-06-2025,3,943.9,STORE001
1013,1823,356,27-11-2025,4,878.51,STORE004
1015,106,19,09-04-2025,5,1925.21,
1016,441,26,01-09-2025,1,763.56,STORE013
1017,1337,87,29-01-2025,3,3899.6,STORE002
1018,1597,406,02-05-2025,7,4468.45,STORE014
1019,144,293,04-07-2025,4,2058.17,STORE018
1020,999999,174,27-08-2025,8,3032.48,STORE001
1021,499,70,20-06-2025,10,4829.17,STORE001
1022,999999,316,25-08-2025,2,963.74,STORE025
1023,352,83,17-02-2025,2,1036.89,STORE013
1024,1523,,30-08-2025,2,3282.33,STORE016
1025,52,412,10-05-2025,6,4353.29,STORE023
1026,1523,209,27-02-2025,8,572.58,STORE006
1027,1976,36,31-08-2025,1,2284.85,STORE010
1028,111,75,32-01-2025,5,1479.82,STORE005
1029,1327,204,08-01-2025,3,1724.76,STORE007
1030,553,387,12-02-2025,3,4772.66,STORE022
1031,1195,140,06-06-2025,8,3993.22,STORE016
1032,770,316,12-01-2025,4,3378.53,STORE014
1033,724,162,18-02-2025,4,4616.29,STORE016
1034,1335,239,05-11-2025,5,3606.6,STORE001
1035,1387,69,19-05-2025,6,4139.26,STORE012
1036,719,58,15-07-2025,1,674.44,STORE004
1037,227,164,02-10-2025,10,4612.49,
1038,1107,451,27-07-2025,5,3667.88,STORE018
1039,523,246,12-10-2025,7,3960.0,STORE017
1040,260,110,26-08-2025,7,4995.65,STORE001
1041,552,160,22-08-2025,5,137.71,STORE024
1042,1682,337,13-10-2025,2,4884.07,STORE004
1043,1005,150,14-11-2025,10,670.53,STORE014
1044,104,207,20-10-2025,9,4667.78,STORE025
1045,1996,104,21-07-2025,-10,4810.5,STORE021
1046,1609,167,28-04-2025,5,2710.86,STORE017
1047,920,484,21-01-2025,9,805.45,STORE008
1048,1081,211,13-06-2025,5,2169.83,STORE005
1049,20,87,03-02-2025,3,1012.52,STORE024
1050,1923,381,17-03-2025,-1,1809.21,STORE011
1051,1560,112,02-01-2025,1,122.69,STORE018
1052,,407,30-05-2025,7,2278.12,STORE019
1053,7,265,24-09-2025,10,3845.23,STORE019
1054,249,130,02-03-2025,7,3995.64,STORE001
1055,1753,436,17-02-2025,7,2847.23,STORE024
1056,1681,121,13-03-2025,8,1023.68,STORE015
1057,1192,345,30-09-2025,10,3639.24,STORE024
1058,92,199,05-01-2025,9,3979.88,STORE011
1059,1726,487,12-02-2025,9,2137.78,STORE009
1060,84,26,12-01-2025,10,4083.36,STORE019
1061,1402,113,08-05-2025,7,611.33,STORE004
1062,501,488,17-08-2025,2,4649.25,STORE017
1063,652,48,06-12-2025,10,2785.37,STORE012
1064,,257,14-03-2025,10,4815.01,STORE010
1065,388,326,14-05-2025,1,360.7,STORE007
1066,490,143,31-07-2025,7,169.26,STORE011
1067,1178,311,02-11-2025,5,1431.25,STORE023
1068,829,222,15-13-2025,3,3586.25,STORE004
1069,1805,330,09-01-2025,3,3537.57,STORE018
1070,1411,260,19-03-2025,3,3270.04,STORE017
1071,1890,999999,28-05-2025,1,763.47,STORE013
1072,710,257,05-02-2025,8,1325.16,STORE011
1073,958,117,03-07-2025,4,2069.7,STORE006
1074,456,,21-08-2025,1,61.94,STORE003
1075,1581,287,13-03-2025,9,3512.07,STORE004
1076,1407,215,05-02-2025,3,3935.78,STORE011
1076,37,147,07-12-2025,7,589.82,STORE002
1078,355,113,99-99-2025,5,2143.82,STORE001
1079,1070,74,23-08-2025,2,167.53,STORE024
1080,1859,90,13-04-2025,3,2847.64,STORE021
1081,719,46,06-03-2025,1,3281.22,STORE009
1082,1465,192,06-01-2025,8,3682.43,STORE014
1083,460,490,13-05-2025,5,1921.54,STORE002
1084,626,336,01-04-2025,3,4892.78,STORE014
1085,1746,,03-06-2025,7,4129.58,STORE001
1086,682,122,04-01-2025,6,2506.12,STORE024
1087,420,494,08-06-2025,8,4229.81,STORE009
1088,1144,493,04-08-2025,2,2466.02,STORE014
1089,335,482,12-06-2025,2,3752.28,STORE005
1090,1369,488,04-04-2025,7,2276.25,STORE001
1091,1736,215,27-12-2025,7,4676.04,STORE023
1092,1952,79,08-03-2025,5,4918.15,STORE020
1093,1811,210,07-10-2025,8,2562.97,STORE009
1094,601,243,28-08-2025,-2,3318.71,STORE019
1095,741,8,19-01-2025,7,4875.34,STORE004
1096,622,257,17-10-2025,8,4967.24,""
1097,1770,140,18-04-2025,5,287.16,STORE024
1098,1514,386,13-07-2025,9,778.75,""
1099,1620,327,10-08-2025,5,3030.91,STORE025
1100,731,132,22-10-2025,3,105.62,STORE013
1101,567,411,25-05-2025,2,3836.75,STORE004
1102,1255,253,11-04-2025,-9,2761.15,STORE017
1103,6,439,09-12-2025,7,1182.84,STORE008
1104,1202,404,28-05-2025,9,4374.67,STORE017
1105,1483,34,28-09-2025,9,1400.59,STORE014
1106,830,208,13-05-2025,1,1749.64,STORE004
1107,90,94,16-02-2025,3,4079.58,STORE012
1108,1345,384,23-05-2025,2,4014.69,STORE006
1109,61,61,29-12-2025,7,273.77,STORE020
1110,1082,218,03-01-2025,4,2493.42,STORE004
1111,1315,447,16-09-2025,7,283.3,STORE002
1112,128,358,14-04-2025,2,2981.48,STORE018
1113,,310,26-01-2025,2,465.54,STORE009
1114,430,153,01-09-2025,2,1218.7,STORE025
1115,1531,51,29-10-2025,8,3814.4,STORE018
1116,1599,384,23-02-2025,7,4422.85,STORE005
1117,1925,182,17-12-2025,10,4889.29,STORE002
1118,530,51,25-10-2025,5,4230.1,STORE021
1119,1073,169,06-07-2025,1,3150.86,STORE003
1120,999999,175,25-04-2025,6,2659.94,STORE023
1121,1890,86,13-10-2025,9,3386.46,STORE015
1122,8,242,12-03-2025,8,3001.75,STORE002
1123,959,58,01-08-2025,2,2145.22,STORE018
1124,228,399,12-11-2025,-8,4880.22,STORE005
1125,1387,306,29-10-2025,7,1271.54,STORE016
1126,1097,102,06-09-2025,6,4190.76,STORE002
1127,859,287,24-02-2025,1,926.66,STORE010
1128,1380,371,09-10-2025,6,3926.2,STORE015
1129,1026,17,08-01-2025,3,3263.63,STORE022
1130,398,,11-03-2025,4,4384.17,STORE006
1131,801,300,20-01-2025,7,3020.27,STORE025
1132,999999,434,22-08-2025,5,2004.09,STORE016
1132,1398,350,02-07-2025,2,2195.91,STORE023
1134,1741,469,06-07-2025,3,465.42,STORE002
1135,1718,209,02-06-2025,3,1954.21,STORE001
1136,20,112,12-04-2025,6,251.17,STORE021
1137,529,458,22-03-2025,5,4245.7,STORE023
1138,231,318,03-10-2025,4,2897.88,STORE010
1139,600,258,03-02-2025,4,137.45,STORE010
1140,1513,218,04-11-2025,2,4073.96,STORE011
1141,96,76,21-02-2025,6,4559.73,STORE013
1142,747,391,09-10-2025,7,3497.46,STORE013
1143,502,119,08-12-2025,10,4315.26,STORE008
1144,186,48,02-01-2025,6,105.04,STORE004
1145,566,467,13-09-2025,7,1312.69,STORE005
1146,1680,414,27-10-2025,7,4280.5,STORE004
1147,506,,22-06-2025,6,3727.41,STORE004
1148,1856,230,10-09-2025,6,4039.76,STORE005
1149,763,392,16-10-2025,8,2543.31,STORE011
1150,317,193,24-11-2025,1,3816.89,STORE020
1151,466,376,16-07-2025,1,784.47,STORE010
1152,1512,432,09-07-2025,5,2125.8,STORE015
1153,76,184,03-02-2025,8,526.69,STORE015
1154,1694,257,26-08-2025,2,1821.04,STORE009
1155,985,,25-11-2025,4,2416.15,STORE024
1156,999999,163,07-06-2025,4,2659.78,STORE025
1157,608,421,07-02-2025,5,2526.21,STORE011
1158,1376,93,16-07-2025,1,826.75,STORE006
1159,1579,385,21-07-2025,9,2026.08,STORE005
1160,381,285,22-09-2025,5,4985.22,STORE015
1161,514,70,06-01-2025,8,3270.46,STORE013
1162,295,245,04-02-2025,4,4716.53,STORE007
1163,1981,472,25-07-2025,8,2099.49,STORE005
1164,257,112,28-09-2025,7,3615.74,STORE016
1165,833,459,10-12-2025,1,3990.71,STORE017
1166,1072,202,30-10-2025,4,898.3,STORE023
1167,759,399,01-05-2025,5,50.01,STORE001
1168,1933,428,06-11-2025,3,2381.84,STORE019
1169,172,490,17-06-2025,10,4271.7,STORE014
1170,1591,5,10-06-2025,4,3415.42,STORE024
1171,923,30,31-08-2025,9,2984.99,STORE015
1172,695,177,11-05-2025,3,2192.94,STORE003
1173,1767,15,04-05-2025,9,1313.17,STORE006
1174,1762,207,99-99-2025,8,3648.64,STORE006
1175,999999,330,17-03-2025,8,534.37,STORE025
1176,1701,190,30-11-2025,8,2141.11,STORE004
1177,219,217,26-03-2025,1,3901.6,STORE006
1178,1113,191,28-02-2025,5,1355.66,STORE018
1179,1134,120,17-01-2025,6,895.09,STORE004
1180,1957,297,45-07-2025,4,2930.88,STORE006
1181,1969,292,09-10-2025,1,496.36,
1182,551,254,09-02-2025,1,2123.07,STORE001
1183,923,238,10-01-2025,4,4034.99,STORE003
1184,398,229,21-01-2025,6,3432.55,STORE002
1185,407,107,05-04-2025,7,4178.95,STORE006
1186,573,193,23-10-2025,4,-4267.0,STORE015
1187,1603,228,10-08-2025,4,4581.08,STORE001
1188,1962,289,17-01-2025,7,3786.04,STORE011
1189,321,452,29-06-2025,10,3648.07,STORE018
1190,1432,310,23-04-2025,10,1139.83,STORE015
1191,1553,253,03-04-2025,9,4308.67,STORE006
1192,242,421,18-07-2025,4,1753.35,STORE002
1193,1582,289,08-08-2025,1,644.68,STORE014
1194,927,203,27-11-2025,6,4123.83,STORE015
1195,1133,330,05-06-2025,6,4886.61,STORE019
1196,1277,384,17-11-2025,10,1880.7,STORE015
1197,1036,440,07-10-2025,7,1520.74,STORE001
1198,1015,,31-07-2025,1,864.84,STORE018
1199,1158,492,29-03-2025,10,251.36,STORE006
1200,1852,191,03-06-2025,4,3106.09,STORE009
1201,1173,468,18-01-2025,10,1141.35,STORE006
1202,395,127,16-04-2025,3,52.67,STORE006
1203,138,21,20-03-2025,6,4531.22,STORE011
1204,1994,31,28-02-2025,10,4425.99,STORE008
1205,581,169,16-12-2025,1,1145.66,STORE013
1206,1666,284,14-10-2025,5,3481.81,STORE007
1207,1547,398,06-05-2025,4,4378.23,STORE010
1208,808,471,25-03-2025,10,2145.24,STORE001
1209,55,178,16-10-2025,9,-4999.11,STORE008
1210,1542,139,16-02-2025,3,4400.93,STORE002
1211,683,385,03-11-2025,7,1579.02,STORE020
1212,275,488,29-01-2025,2,730.36,STORE016
1213,,247,24-08-2025,5,2948.23,STORE009
1214,787,94,01-11-2025,5,3211.77,STORE019
1215,918,176,15-11-2025,2,2938.07,STORE006
1216,156,360,28-04-2025,2,2418.46,STORE008
1217,263,484,05-08-2025,5,2377.79,STORE005
1218,1042,323,24-07-2025,5,1927.81,STORE005
1219,1824,318,06-08-2025,2,2253.87,STORE025
1220,10,293,31-10-2025,3,3306.03,STORE018
1221,646,448,12-03-2025,5,324.2,STORE006
1222,129,,20-12-2025,4,4303.1,STORE012
1223,555,108,13-03-2025,2,2917.8,STORE004
1224,1365,431,26-01-2025,9,4259.73,STORE016
1225,945,327,13-03-2025,5,2341.37,STORE005
1226,1519,129,09-03-2025,3,4854.32,STORE017
1227,1451,420,11-05-2025,6,3508.05,STORE018
1228,1210,93,04-01-2025,5,3862.87,STORE016
1229,884,253,21-11-2025,7,4150.98,STORE007
1230,1804,121,29-03-2025,10,2956.05,STORE018
1231,196,184,13-11-2025,1,846.33,STORE015
1232,1363,149,10-08-2025,5,305.5,STORE017
1233,1032,403,03-07-2025,9,2661.42,STORE024
1234,1993,397,32-01-2025,7,3558.8,STORE016
1235,1515,261,17-05-2025,7,2421.63,STORE022
1236,345,186,06-06-2025,4,4314.07,STORE021
1237,1510,192,15-13-2025,10,1971.11,STORE018
1238,18,387,24-02-2025,9,933.09,STORE024
1239,1913,326,27-07-2025,3,3789.53,STORE010
1240,1132,211,07-04-2025,10,3807.19,STORE006
1240,186,436,28-03-2025,3,1243.51,STORE009
1242,1175,90,01-11-2025,1,3944.54,STORE020
1243,856,202,29-03-2025,8,217.99,STORE014
1244,538,471,25-06-2025,1,4815.11,STORE012
1245,380,35,02-09-2025,5,3242.14,STORE001
1246,1259,39,26-01-2025,2,2883.11,STORE008
1247,412,276,14-11-2025,3,689.65,STORE010
1248,192,45,31-10-2025,4,1923.96,STORE001
1249,860,495,11-01-2025,9,734.96,STORE016
1250,657,205,24-05-2025,7,572.27,STORE022
1251,1702,431,29-01-2025,8,4878.57,STORE005
1252,448,363,27-09-2025,6,71.41,STORE019
1253,949,89,13-04-2025,5,2129.82,STORE015
1254,1350,76,25-04-2025,2,1043.82,STORE007
1255,235,7,26-11-2025,10,1309.7,
1256,614,71,13-04-2025,2,1957.67,STORE009
1257,590,60,11-04-2025,8,909.81,STORE016
1258,796,268,05-07-2025,-8,4756.09,STORE025
1259,1619,129,06-11-2025,5,916.7,STORE002
1260,1803,999999,05-02-2025,8,1652.41,STORE011
1261,904,11,14-02-2025,8,-3106.22,STORE019
1262,1429,94,22-01-2025,3,1449.42,STORE008
1263,547,396,17-05-2025,2,3847.54,STORE006
1264,708,220,21-06-2025,4,2514.9,STORE013
1265,919,292,06-01-2025,3,1807.5,STORE010
1266,758,382,26-04-2025,7,4213.49,STORE005
1267,1163,22,24-05-2025,8,881.32,STORE017
1268,1447,137,02-02-2025,1,4896.68,STORE001
1269,466,257,22-06-2025,6,2418.91,
1270,,143,01-05-2025,6,3905.54,STORE020
1271,1192,400,23-04-2025,8,2677.48,STORE009
1272,103,157,08-09-2025,7,3690.46,STORE010
1273,1035,490,25-09-2025,5,1393.52,
1274,169,278,20-08-2025,6,4394.78,STORE009
1275,1739,240,09-03-2025,7,3779.99,STORE013
1276,1658,462,04-02-2025,6,3302.43,""
1277,999999,265,08-11-2025,10,187.12,STORE002
1278,1894,357,27-03-2025,10,4218.75,STORE001
1279,631,172,21-01-2025,8,3256.06,STORE018
1280,,500,01-05-2025,6,2071.25,STORE014
1281,467,362,07-05-2025,8,1349.71,STORE014
1282,504,109,14-01-2025,7,2425.57,STORE015
1283,46,419,27-07-2025,8,3510.2,STORE004
1284,278,94,04-04-2025,7,2063.36,STORE016
1285,1316,144,11-02-2025,10,100.4,STORE017
1286,1326,260,09-08-2025,6,1105.79,STORE025
1287,1225,414,24-01-2025,7,2364.23,STORE007
1288,419,156,15-12-2025,3,3487.95,STORE023
1289,1737,258,04-09-2025,7,139.87,STORE011
1290,1306,166,12-01-2025,5,2863.59,STORE005
1291,1423,234,31-01-2025,5,3246.6,STORE018
1292,1434,392,09-02-2025,9,4324.31,STORE022
1293,61,209,20-07-2025,4,950.36,STORE002
1294,824,391,25-03-2025,10,4656.04,STORE022
1295,31,243,09-04-2025,10,2915.14,STORE025
1296,1719,316,11-02-2025,10,4085.68,STORE006
1297,1151,79,03-08-2025,6,4829.56,STORE025
1298,1648,120,26-08-2025,2,2298.55,STORE001
1299,1685,426,07-06-2025,10,1326.82,STORE013
1300,324,16,16-04-2025,10,2687.1,STORE022
1301,1811,45,12-12-2025,4,4789.05,STORE010
1302,1311,308,21-12-2025,1,582.51,STORE012
1302,1251,215,19-08-2025,1,4969.54,STORE020
1304,697,420,03-10-2025,8,965.46,STORE012
1305,1244,272,25-03-2025,5,1175.36,STORE017
1306,570,338,06-05-2025,1,3492.93,STORE023
1307,1517,39,27-08-2025,9,576.0,STORE016
1308,1900,3,17-07-2025,7,4770.16,STORE009
1309,1389,59,25-06-2025,9,2907.89,STORE025
1310,1887,27,22-02-2025,7,3259.45,STORE009
1311,1190,472,03-12-2025,3,4508.24,STORE021
1312,673,1,13-04-2025,8,3878.06,STORE004
1313,1919,307,21-03-2025,7,3161.44,STORE002
1314,99,105,16-01-2025,9,3152.94,STORE002
1315,1840,444,03-02-2025,8,813.48,STORE005
1316,1231,485,01-08-2025,9,885.79,STORE025
1317,613,432,27-09-2025,6,3766.28,STORE001
1318,40,235,17-03-2025,9,2548.06,STORE019
1319,1949,999999,05-04-2025,8,3164.1,STORE003
1320,5,217,31-10-2025,2,3601.78,STORE013
1321,352,410,30-08-2025,7,1971.73,STORE001
1322,1087,69,45-07-2025,4,3132.0,STORE015
1323,399,345,16-05-2025,5,1361.23,STORE011
1324,782,323,30-11-2025,3,3216.79,STORE011
1325,1394,421,06-09-2025,1,424.49,STORE001
1326,605,415,05-12-2025,3,1505.32,STORE022
1327,441,209,02-11-2025,1,2936.12,STORE005
1328,940,187,08-05-2025,1,929.55,STORE009
1329,830,422,27-12-2025,1,1264.63,STORE013
1330,920,1,09-03-2025,5,-1226.57,STORE011
1331,87,181,01-07-2025,4,3498.04,STORE014
1332,1544,41,25-12-2025,9,4079.46,STORE012
1333,571,348,09-01-2025,4,4371.05,STORE023
1334,1797,461,19-09-2025,9,751.41,STORE012
1335,1168,232,13-09-2025,4,2598.5,STORE009
1336,820,211,19-03-2025,4,4804.44,STORE008
1337,781,207,26-08-2025,10,3881.8,STORE017
1338,1199,38,08-03-2025,6,2915.75,STORE019
1339,1983,467,08-12-2025,3,691.74,STORE002
1340,381,310,26-09-2025,7,938.9,STORE014
1341,264,6,16-07-2025,7,2002.81,STORE015
1342,1166,299,28-07-2025,3,961.94,STORE012
1343,1209,466,04-11-2025,3,2948.18,STORE024
1344,1949,376,08-10-2025,4,1092.37,STORE025
1345,978,443,24-07-2025,9,2583.54,STORE023
1346,1252,96,10-07-2025,7,81.54,STORE004
1347,1076,89,26-01-2025,9,4738.69,STORE009
1348,1666,127,18-02-2025,6,1016.71,STORE017
1349,1999,392,03-11-2025,2,790.69,STORE005
1350,61,3,04-02-2025,5,1501.5,STORE021
1351,1431,239,24-07-2025,3,4203.58,STORE024
1352,138,490,06-06-2025,4,4267.48,STORE010
1353,1156,37,22-04-2025,5,608.68,STORE007
1354,1178,254,14-06-2025,3,4507.64,STORE018
1355,68,303,10-11-2025,9,2185.2,STORE011
1356,786,153,23-03-2025,3,1498.32,STORE001
1357,1986,364,29-11-2025,3,296.94,STORE006
1358,1704,119,16-01-2025,10,4663.79,STORE014
1359,1931,410,22-02-2025,10,4717.52,STORE018
1360,821,65,19-10-2025,9,4607.66,STORE002
1361,1756,190,25-07-2025,9,675.91,""
1362,504,999999,02-01-2025,8,3086.12,STORE014
1363,882,293,20-06-2025,8,781.62,STORE025
1364,1501,329,29-05-2025,1,1561.91,STORE010
1365,247,364,25-03-2025,6,1143.18,STORE003
1366,999999,339,13-11-2025,6,4255.09,STORE004
1367,1004,254,11-04-2025,3,384.91,
1368,177,388,22-10-2025,3,4830.67,STORE005
1369,999999,319,26-10-2025,10,3616.72,STORE019
1370,397,108,24-08-2025,1,-965.59,STORE024
1371,1745,159,21-05-2025,8,-1447.32,STORE020
1372,1011,221,14-01-2025,8,3753.97,STORE018
1373,264,397,26-04-2025,6,4932.5,STORE001
1374,999999,212,14-06-2025,2,3891.41,STORE020
1375,1290,18,19-12-2025,-9,4269.59,STORE012
1376,1969,337,27-03-2025,9,2973.59,STORE003
1377,786,99,11-05-2025,1,3032.99,STORE003
1378,726,,01-01-2025,6,1744.66,STORE024
1379,658,459,20-08-2025,5,1370.82,STORE020
1380,750,128,05-11-2025,2,4610.69,STORE002
1381,1682,243,02-01-2025,1,1439.58,STORE019
1382,1698,411,07-01-2025,5,-1608.29,STORE010
1383,38,390,08-05-2025,10,4617.13,STORE023
1384,365,42,04-10-2025,1,3411.24,STORE019
1385,1575,83,21-01-2025,4,2578.43,STORE018
1386,1402,486,23-05-2025,1,3307.16,STORE018
1387,311,201,14-06-2025,3,3048.24,
1388,579,355,12-08-2025,10,1049.1,STORE007
1389,702,370,02-08-2025,3,1016.44,STORE007
1390,960,154,15-05-2025,1,2525.63,STORE017
1391,1561,394,10-08-2025,8,232.01,STORE024
1392,1144,248,22-01-2025,10,857.57,STORE022
1393,1228,359,11-11-2025,2,2713.44,STORE024
1394,1289,454,25-05-2025,4,412.73,STORE007
1395,1865,75,19-07-2025,7,519.29,STORE011
1396,1134,174,15-10-2025,1,1727.69,STORE013
1397,1348,62,27-02-2025,10,3287.86,STORE002
1398,932,409,17-12-2025,3,750.77,STORE011
1399,1854,241,14-12-2025,1,2390.72,STORE009
1400,571,152,03-09-2025,1,4320.45,STORE022
1401,1583,71,24-11-2025,4,418.04,
1402,1528,38,13-11-2025,10,1708.01,STORE008
1403,863,449,06-09-2025,7,4989.05,STORE005
1404,369,128,17-06-2025,10,1892.12,STORE001
1405,2000,7,12-03-2025,7,386.89,STORE018
1406,266,192,06-09-2025,9,4537.94,STORE001
1407,796,265,25-07-2025,1,1666.61,STORE002
1408,86,203,22-07-2025,4,2181.18,STORE001
1409,265,375,29-09-2025,2,3241.96,STORE014
1410,17,320,07-10-2025,10,621.0,STORE007
1411,1214,61,26-03-2025,1,4031.36,STORE008
1412,294,187,11-03-2025,-1,3049.38,STORE011
1413,1572,483,24-08-2025,6,2850.75,STORE023
1414,474,440,27-02-2025,10,3253.35,STORE006
1415,86,26,16-11-2025,9,2163.31,STORE005
1416,950,179,10-09-2025,5,3314.7,STORE009
1417,1291,303,12-03-2025,1,1608.73,STORE024
1418,1239,145,22-12-2025,5,4630.13,STORE008
1419,255,286,09-01-2025,9,621.46,STORE018
1420,713,323,29-06-2025,9,1072.58,STORE010
1421,816,208,22-03-2025,3,2993.65,STORE022
1422,253,253,12-11-2025,8,280.62,STORE023
1423,25,121,29-07-2025,2,4058.08,STORE005
1424,867,16,18-08-2025,1,1495.74,
1425,1847,472,27-07-2025,1,672.79,STORE012
1426,129,188,16-09-2025,6,155.32,STORE012
1427,1395,3,04-02-2025,8,1167.39,STORE024
1428,185,217,12-09-2025,2,1593.85,STORE002
1429,902,293,01-02-2025,6,662.16,STORE009
1430,429,126,30-10-2025,6,1551.8,STORE019
1431,1454,193,16-05-2025,6,1084.69,STORE022
1432,1423,481,28-08-2025,10,290.98,STORE024
1433,1173,478,10-02-2025,9,3193.38,STORE018
1434,1976,381,03-06-2025,7,2912.07,STORE014
1435,1813,64,11-10-2025,4,990.15,STORE011
1436,1014,136,18-11-2025,9,2310.83,STORE018
1437,767,352,28-08-2025,1,3864.54,STORE008
1438,1422,245,31-08-2025,2,2719.46,STORE008
1439,1651,329,21-02-2025,10,944.33,STORE001
1440,886,251,04-05-2025,4,964.48,STORE005
1441,1237,358,03-09-2025,4,3934.95,STORE005
1442,1763,208,29-05-2025,5,218.79,STORE018
1443,660,123,25-03-2025,7,4675.16,STORE015
1444,1761,304,01-12-2025,3,1306.27,STORE015
1445,485,319,30-12-2025,3,1134.7,STORE018
1446,1335,,24-01-2025,3,1206.73,STORE006
1447,515,353,01-01-2025,2,2127.93,STORE007
1448,1636,90,22-09-2025,5,1480.81,STORE007
1449,1014,338,06-02-2025,10,2963.13,STORE005
1450,19,410,11-12-2025,8,1670.37,STORE011
1451,999999,432,18-05-2025,6,651.65,STORE013
1452,663,224,19-10-2025,10,3119.23,STORE007
1453,453,64,16-01-2025,1,3588.77,STORE013
1454,504,110,11-12-2025,3,937.84,STORE025
1455,1281,372,19-03-2025,3,2473.96,STORE015
1456,418,481,08-02-2025,7,4435.78,STORE017
1457,70,489,23-07-2025,7,4644.33,STORE024
1458,1896,411,15-08-2025,1,1052.53,
1459,1634,18,21-06-2025,10,1579.7,STORE020
1460,624,70,19-11-2025,5,442.38,STORE002
1461,1621,363,02-06-2025,1,678.74,STORE016
1462,1384,332,11-08-2025,8,3911.88,STORE012
1463,877,233,04-08-2025,3,1868.83,STORE001
1464,881,426,23-03-2025,1,4216.99,STORE008
1465,391,413,18-09-2025,6,3178.78,STORE013
1466,1630,135,30-07-2025,2,1427.97,STORE015
1467,1219,249,27-11-2025,10,1060.15,STORE017
1468,1203,358,20-10-2025,8,3747.84,STORE018
1469,1725,307,09-02-2025,5,3001.74,STORE023
1470,71,302,14-11-2025,6,4073.06,STORE001
1471,1224,360,05-12-2025,4,731.75,STORE014
1472,894,152,21-04-2025,3,676.3,STORE008
1473,527,458,15-07-2025,2,671.2,STORE006
1474,1200,361,01-10-2025,2,3309.45,STORE004
1475,591,288,23-06-2025,4,1272.36,STORE001
1476,374,351,19-08-2025,-7,3711.74,STORE006
1477,1673,303,15-13-2025,5,4696.45,STORE010
1478,815,367,25-08-2025,9,3486.49,STORE003
1479,1586,257,27-09-2025,3,4546.79,STORE005
1480,1077,330,07-10-2025,8,307.89,STORE022
1481,1737,149,04-02-2025,7,2620.34,STORE013
1482,1498,103,24-12-2025,5,2886.16,STORE012
1483,958,383,22-10-2025,10,2691.67,STORE009
1484,1543,348,16-06-2025,9,2153.34,STORE015
1485,1162,397,18-07-2025,4,4420.3,STORE018
1486,8,439,14-11-2025,8,787.74,STORE013
1487,104,430,06-10-2025,1,2878.17,STORE005
1488,787,206,09-03-2025,1,512.8,STORE011
1489,653,376,19-08-2025,9,2043.63,STORE009
1490,1363,475,25-09-2025,7,1625.92,STORE025
1491,1820,253,30-06-2025,2,4956.17,STORE006
1492,883,141,03-01-2025,1,280.47,STORE017
1493,1068,403,01-08-2025,9,4282.06,STORE010
1494,732,37,15-13-2025,7,1777.44,STORE011
1495,1765,155,14-05-2025,2,3853.8,STORE019
1496,1911,152,03-01-2025,3,4012.34,STORE007
1497,833,468,01-10-2025,7,104.6,STORE025
1498,652,421,29-08-2025,-1,3656.35,STORE015
1499,837,100,24-01-2025,-10,1505.53,STORE009
1500,1050,330,30-07-2025,1,883.33,STORE023
